name,location,code
100고지,인천광역시 옹진군  ,287201304
116고지,대전광역시 동구  ,301106104
133고지,대전광역시 동구  ,301105704
136고지금성마을,대전광역시 동구  ,301102904
138고지,대전광역시 동구  ,301103004
157고지우송대뒷산,대전광역시 동구  ,301105804
159고지,대전광역시 동구  ,301105904
162고지가는골뒷산,대전광역시 동구  ,301103104
168고지,대전광역시 동구  ,301103204
175고지,대전광역시 동구  ,301106204
179고지,대전광역시 동구  ,301103304
201고지,대전광역시 동구  ,301103404
212고지,대전광역시 동구  ,301103504
가곡병풍바위,강원도 삼척시  ,422306704
가대리문화마을,충청북도 단양군  ,438003204
가덕도,부산광역시 강서구  ,264400404
가덕산,강원도 태백시 삼수동 ,421900101
가라산,경상남도 거제시  ,483100101
가래봉,경상남도 밀양시 단장면 ,482700101
가련산,전라북도 전주시  ,451100101
가리왕산,강원도 정선군 북평면 ,427700101
가마봉,충청남도 공주시  ,441500101
가마오름,제주도 제주시  ,491100504
가메오름,제주도 제주시  ,491102904
가산,경상북도 칠곡군 동명면 ,478500101
가섭산,충청북도 음성군 음성읍 ,437700201
가성산,충청북도 영동군 매곡면 ,437400101
가세오름,제주도 서귀포시  ,491300504
가수리,강원도 정선군 정선읍 ,427709304
가시악,제주도 서귀포시  ,491300604
가야산,전라남도 나주시 남평읍 ,461700101
가야산,전라남도 광양시 성황동 ,462300101
가양공원,대전광역시 동구  ,301103604
가오공원,대전광역시 동구  ,301103704
가은산,충청북도 제천시 수산면 ,431504101
가음산,전라남도 영광군  ,468701901
가재산금병산수양산줄기,충청남도 연기군  ,447302604
가좌산,경상남도 진주시 가좌동 ,481703201
가지산,울산광역시 울주군 상북면 ,317100101
가지산,전라남도 장흥군 장평면 ,468000101
가칠봉,강원도 인제군 기린면 ,428105201
가학산,경기도 광명시 소하동 ,412100501
가학산,전라남도 해남군 계곡면 ,468200201
가학산,전라남도 영암군  ,468302001
가학산,전라남도 완도군 소안면 ,468900101
가현산,인천광역시 서구 검단동 ,282600101
가현산금곡초,인천광역시 서구  ,282600904
각골산,경기도 오산시 청학동 ,413700901
각산,경상남도 사천시 동서동 ,482400101
각성산,경상남도 김해시 대동면 ,482500101
각시바위,제주도 서귀포시  ,491300704
각화사,경상북도 봉화군  ,479204704
각화산,경상북도 봉화군 춘양면 ,479200101
각흘산,경기도 포천시 이동면 ,416504501
각흘산석이바위,강원도 철원군 군서면 ,427803104
각희산,강원도 정선군 동면 ,427700301
각히산,강원도 정선군 임계면 ,427708901
간대산,강원도 삼척시 신기면 ,422300201
간성수성샘터산림욕장,강원도 고성군 간성읍 ,428203504
간월산,울산광역시 울주군 상북동 ,317104301
갈경산,강원도 삼척시  ,422305401
갈기산,경기도 의왕시  ,414300801
갈기산,경기도 양평군 청운면 ,418300101
갈기산,충청북도 영동군  ,437400201
갈두산,전라남도 해남군  ,468203401
갈라산,경상북도 안동시 남선면 ,471700101
갈리봉,대전광역시 동구  ,301102201
갈마산,전라남도 영암군  ,468302101
갈마산,경상남도 합천군 용주면 ,488900101
갈모봉산,경상남도 고성군 삼산면 ,488200101
갈미봉,광주광역시 동구 지원동 ,291100101
갈미봉,충청남도 공주시  ,441504301
갈미봉,전라남도 순천시  ,461505301
갈미봉,전라남도 광양시 다압면 ,462300201
갈미봉,경상북도 안동시 북후면 ,471705701
갈방산,경상북도 봉화군 봉성면 ,479200201
갈야산,강원도 삼척시  ,422300104
갈전곡봉,강원도 인제군  ,428105101
갈전곡봉,강원도 양양군  ,428307401
갈전산,경상남도 산청군 생초면 ,488600401
갈전산,경상남도 거창군  ,488806301
갈천약수,강원도 양양군 서면 ,428305404
갈현근린공원,서울특별시 은평구  ,113800804
갈현근린공원2지구,서울특별시 은평구  ,113800904
갈현성,대전광역시 동구  ,301103804
감낭오름,제주도 서귀포시  ,491300804
감바위산,충청남도 공주시  ,441504401
감방산,전라남도 무안군 무안읍 ,468400101
감산리,경상북도 경주시 산내면 ,471305904
감악산,경기도 파주시 적성면 ,414800101
감악산,강원도 원주시 신림면 ,421303001
감악산,충청북도 제천시  ,431504201
감악산,경상남도 거창군 남상면 ,488800101
감악산늘목,충청북도 제천시  ,431504304
감악산약수터,경기도 파주시  ,414803004
감악산연수사,경상남도 거창군  ,488807204
감암산,경상남도 합천군 가회면 ,488906501
감의산,경상북도 봉화군 법전면 ,479200301
감토산,경상남도 거창군 남하면 ,488805001
감토산숲길,경상남도 거창군 남하면 ,488805404
감투봉,전라북도 정읍시  ,451800101
감투산,충청남도 서천군  ,447702401
갑둔고개,강원도 인제군 남면 ,428105304
갑산,경기도 남양주시 와부읍 ,413600201
갑장산,경상북도 상주시 신흥동 ,472500201
갑하산,대전광역시 유성구 온천2동 ,302000101
강망산,경상남도 거제시 옥포3동 ,483100301
강바위산,대전광역시 동구 산내동 ,301100101
강선봉,강원도 춘천시  ,421106101
강섭산,경상남도 거창군  ,488805501
강씨봉,경기도 가평군 북면 ,418200201
강천산_왕자봉,전라북도 순창군  ,457700101
개금산,광주광역시 서구 서창동 ,291400101
개머리산,대전광역시 동구 대청동 ,301100201
개명산,경기도 고양시덕양구  ,412801301
개명산,경기도 양주시 장흥면 ,416300201
개오름,제주도 서귀포시  ,491300904
개오름굿산망,제주도 서귀포시  ,491301004
개오리오름,제주도 제주시  ,491100303
개인산,강원도 인제군 상남면 ,428100801
개인산어두원골,강원도 인제군  ,428107804
개좌산,부산광역시 기장군  ,267100201
개천산,전라남도 화순군 도암면 ,467900101
개화산,서울특별시 강서구 방화제3동 ,115000101
갯거리오름,제주도 제주시  ,491101303
거류산,경상남도 고성군 거류면 ,488200301
거린오름,제주도 서귀포시  ,491301104
거마산,인천광역시 남동구 장수동 ,282000101
거마산장수,인천광역시 남동구 장수동 ,282000804
거말산,경상남도 거창군  ,488800301
거망산,경상남도 함양군 안의면 ,488700101
거머리산,인천광역시 남동구  ,282000201
거머산,충청남도 천안시 병천면 ,441300201
거문산,부산광역시 기장군  ,267100301
거문산,강원도 평창군 용평면 ,427600201
거문오름,제주도 제주시  ,491100104
거북산,충청북도 진천군  ,437501601
거북산,경상남도 의령군  ,487204901
거진해맞이봉산림욕장,강원도 고성군 거진읍 ,428203404
거친오름,제주도 제주시  ,491103004
건등산,강원도 원주시 문막읍 ,421300301
건령산,경상북도 칠곡군 지천면 ,478500201
건배산,전라남도 진도군 군내면 ,469000101
건봉산,강원도 고성군 거진읍 ,428200301
건의령,강원도 태백시 상사미동 ,421903004
건지산,경기도 용인시 원삼면 ,414600201
건지산,충청남도 공주시 이인면 ,441500201
건지산,충청남도 서천군 기산면 ,447700101
건지산,전라북도 전주시  ,451100301
건지산,경상북도 안동시 도산면 ,471700201
건흥산,경상남도 거창군  ,488800401
걸쇠오름,제주도 제주시  ,491101803
검단리고개,경기도 남양주시  ,413603404
검단산,경기도 하남시 천현동 ,414500201
검단산,경기도 광주시 중부면 ,416100201
검단산,경상남도 함안군  ,487300201
검덕산,전라남도 영광군  ,468702001
검마산,경상북도 영양군  ,477600101
검무봉,경상남도 산청군 단성면 ,488600701
검봉산,강원도 춘천시  ,421100201
검봉산,강원도 삼척시 임원출장소 ,422300401
검암산,경기도 남양주시  ,413603301
검은덕이오름,제주도 제주시  ,491100604
검은들먹오름,제주도 제주시  ,491101403
검은오름,제주도 제주시  ,491103104
것대산,충청북도 청주시  ,431105201
견두산,전라북도 남원시 수지면 ,451900101
견두산,전라남도 구례군 산동면 ,467300201
견불리산,강원도 양양군 현남면 ,428305501
견준산,충청남도 공주시  ,441504501
경각산,전라북도 완주군 구이면 ,457100101
경마산,경상북도 칠곡군  ,478500301
경수산,경기도 안성시 고삼면 ,415500101
경신산,인천광역시 남동구  ,282001401
경옥봉,전라북도 완주군  ,457104101
경운산,경상남도 김해시 북부동 ,482500201
경천대,경상북도 상주시 사벌면 ,472505004
경포대시루봉,강원도 강릉시 난곡동 ,421507301
계룡산,경상남도 거제시 신현읍 ,483100401
계명산,충청북도 충주시 목행동 ,431300101
계명산,경상북도 안동시  ,471700401
계방산,강원도 홍천군 내면 ,427206801
계봉,강원도 정선군 정선읍 ,427709401
계봉산,충청남도 청양군 정산면 ,447900101
계양산,인천광역시 서구 연희동 ,282600201
계족산,대전광역시 대덕구 회덕1동 ,302300101
계족산,강원도 영월군 영월읍 ,427500201
계족산,전라남도 순천시  ,461504201
계족산,전라남도 구례군 문척면 ,467300301
계족산성,대전광역시 동구  ,301102304
계화산,전라북도 부안군 계화면 ,458000201
고근산,제주도 서귀포시 대륜동 ,491300101
고내봉,제주도 제주시 애월읍 ,491100101
고덕산,전라북도 전주시  ,451100501
고덕산,전라북도 임실군 관촌면 ,457500201
고동산,경기도 가평군  ,418200601
고동산,전라남도 순천시  ,461503901
고동산,전라남도 순천시  ,461504301
고락산,전라남도 여수시 화정면 ,461300201
고래산,경기도 남양주시 화도읍 ,413600301
고래산,경기도 양평군 지제면 ,418300501
고려산,인천광역시 강화군  ,287100101
고려산,충청남도 천안시  ,441303801
고려산,충청남도 연기군 소정면 ,447300101
고루포기산,강원도 강릉시 왕산면 ,421500201
고리봉,전라북도 남원시 대강면 ,451900401
고모치,충청북도 괴산군  ,437603404
고백이산,전라남도 고흥군  ,467703001
고봉리산,전라북도 군산시 대야면 ,451304601
고봉산,대전광역시 동구 대청동 ,301100301
고봉산,경기도 고양시일산동구 고봉동 ,412800101
고봉산,전라북도 군산시 개정면 ,451300401
고봉산,전라남도 장성군  ,468800301
고부랑고개,충청북도 청주시상당구  ,431105104
고불봉,경상북도 영덕군 영덕읍 ,477704001
고비산,전라남도 담양군 금성면 ,467100201
고사리,강원도 인제군  ,428107204
고산,대구광역시 수성구 고산3동 ,272600101
고산,대구광역시 수성구  ,272601501
고산,전라북도 고창군 성송면 ,457900201
고산봉,전라남도 함평군 대동면 ,468600101
고성산,경기도 안성시 양성면 ,415500201
고성산,경기도 안성시 양성면 ,415503101
고성산,강원도 삼척시 남양동 ,422300501
고성산,강원도 고성군 현내면 ,428200401
고성산,전라남도 장성군 삼계면 ,468800401
고수치,제주도 서귀포시  ,491301204
고양산,강원도 홍천군 서석면 ,427200301
고양산,강원도 정선군 임계면 ,427700801
고은산,서울특별시 서대문구  ,114100501
고이오름,제주도 서귀포시  ,491301304
고인돌,전라북도 고창군  ,457902704
고인돌둘레길,전라북도 고창군  ,457900103
고장산,충청남도 연기군  ,447302201
고적대,강원도 정선군 임계면 ,427708804
고창읍성,전라북도 고창군  ,457902904
고청봉,충청남도 공주시 반포면 ,441500401
고초봉,경기도 화성시 남양면 ,415900201
고토재산,강원도 정선군 사북읍 ,427709501
고하도,전라남도 목포시  ,461101304
고헌산,울산광역시 울주군 두서면 ,317100501
곡달산,경기도 가평군 설악면 ,418200701
곤방산,전라남도 곡성군 오곡면 ,467202601
곤봉산,전라남도 함평군  ,468601401
곤지산,경상북도 의성군 안계면 ,477300301
곤천산,충청북도 영동군 상촌면 ,437400401
골무산,경상남도 함양군 수동면 ,488700201
골체오름,제주도 제주시  ,491103204
곰배령,강원도 인제군 기린면 ,428105404
곰봉,강원도 영월군  ,427500301
곰봉,전라남도 영암군  ,468302201
공개바위,경상남도 산청군 금서면 ,488606304
공덕산,부산광역시 기장군  ,267101801
공덕산,경상북도 문경시 산북면 ,472800201
공산성,충청남도 공주시  ,441504604
공원산,전라남도 장성군  ,468800501
공작산,강원도 홍천군 화촌면 ,427200401
공주향교뒷산,충청남도 공주시  ,441504704
과녁바위산,전라남도 담양군  ,467102101
과오름,제주도 제주시  ,491100704
관대리,강원도 인제군  ,428107304
관람산,전라남도 영광군  ,468702501
관모산,인천광역시 남동구 장수동 ,282000301
관모산,강원도 양양군 강현면 ,428300401
관모산,충청남도 예산군 예산읍 ,448102201
관산,경상북도 경주시 서면 ,471300501
관심산,강원도 횡성군 공근면 ,427300201
관악산,서울특별시 관악구 신림제9동 ,116200201
관악산446봉기점,서울특별시 관악구  ,116200604
관악산삼봉약수터,서울특별시 관악구  ,116200704
관악산장군봉기점,서울특별시 관악구  ,116200804
관악산학바위능선,서울특별시 관악구  ,116200904
관주산,전라남도 보성군 보성읍 ,467800201
관호산,경상북도 칠곡군 기산면 ,478503701
광교산,경기도 수원시장안구 연무동 ,411170201
광대봉,전라남도 완도군 보길면 ,468900201
광대산,강원도 정선군 화암면 ,427709601
광덕산,경기도 안산시 월피동 ,412700101
광덕산,경기도 포천시 포천시 ,416500801
광덕산,충청남도 천안시 동면 ,441300301
광덕산,충청남도 공주시 신풍면 ,441500601
광덕산,충청남도 아산시 송악면 ,442000401
광려산,경상남도 마산시 진북면 ,481500301
광월산,전라북도 군산시  ,451300701
광제봉,경상남도 진주시 명석면 ,481700201
광진리,강원도 양양군 현남면 ,428305604
광진산,강원도 삼척시  ,422309001
괘관산,경상남도 함양군 서하면 ,488700301
괘장산,강원도 강릉시 강동면 ,421500401
괴병산,강원도 강릉시 왕산면 ,421507401
괴오름,제주도 제주시  ,491103304
괴화산,충청남도 연기군 금남면 ,447300201
교동,강원도 강릉시 교동 ,421500104
교래임도,제주도 제주시  ,491102903
교룡산,전라북도 남원시 대산면 ,451900501
구곡산,경상남도 산청군 삼장면 ,488600901
구나무산,경기도 가평군  ,418200801
구녀산,충청북도 청주시청원구 내수읍 ,431100301
구덕산,부산광역시 서구 서대신동 ,261400101
구뎅이산,강원도 정선군 정선읍 ,427709701
구룡골통골,강원도 삼척시  ,422305504
구룡령옛길,강원도 양양군 서면 ,428305204
구룡산,서울특별시 서초구 내곡동 ,116500101
구룡산,강원도 영월군 수주면 ,427500401
구룡산,강원도 영월군  ,427505101
구룡산,강원도 양양군 서면 ,428305701
구룡산,충청북도 청주시서원구  ,431100401
구룡산,충청북도 보은군 회북면 ,437200301
구룡산,충청남도 당진군  ,448300101
구룡산,전라남도 고흥군 동일면 ,467700101
구룡산,경상북도 영천시 북안면 ,472300201
구룡산,경상남도 창원시 동읍 ,481100101
구룡산산림욕장,충청북도 보은군  ,437202204
구룡산오무골,경상북도 봉화군  ,479204804
구르뫼산,충청남도 논산시  ,442303301
구름산,경기도 광명시  ,412100201
구마산,전라남도 보성군  ,467802101
구만산,경상북도 청도군 매전면 ,478200401
구미산,경상북도 경주시 건천읍 ,471300601
구병산,충청북도 보은군 내속리면 ,437200401
구봉대산,강원도 영월군  ,427500601
구봉산,인천광역시 옹진군 북도면 ,287200101
구봉산,대전광역시 서구 가수원동 ,301700101
구봉산,경기도 화성시 반월면 ,415900301
구봉산,강원도 춘천시 동면 ,421100401
구봉산,강원도 태백시 삼수동 ,421900301
구봉산,전라북도 진안군 정천면 ,457200201
구봉산,전라남도 여수시 화정면 ,461300401
구봉산,경상북도 의성군 의성읍 ,477300401
구봉산,경상남도 창원시마산회원구 내서읍 ,481101601
구봉산물통골,전라북도 진안군  ,457203604
구봉화산,전라남도 광양시 광양읍 ,462300301
구산근린공원,서울특별시 은평구  ,113800504
구성산,충청남도 천안시  ,441303901
구수산,충청남도 태안군 근흥면 ,448250101
구수산,전라남도 영광군 백수읍 ,468701801
구와산,광주광역시 동구  ,291102001
구인산,경상남도 산청군 산청읍 ,488601001
구절산,충청남도 공주시 금학동 ,441500701
구절산,충청남도 공주시 신풍면 ,441508401
구학산,충청북도 제천시 백운면 ,431500601
구현산,경상남도 창녕군 창녕읍 ,487400501
국망봉,경기도 가평군  ,418200901
국망봉,경상북도 안동시 도산면 ,471700501
국민의숲트레킹,강원도 평창군 대관령면 ,427600103
국사봉,인천광역시 중구 무의동 ,281100501
국사봉,인천광역시 옹진군 영흥면 ,287200201
국사봉,인천광역시 옹진군 자월면 ,287201201
국사봉,인천광역시 옹진군  ,287201501
국사봉,경기도 광주시 퇴촌면 ,416100401
국사봉,강원도 춘천시 퇴계동 ,421100601
국사봉,강원도 속초시 영랑동 ,422100101
국사봉,충청북도 청주시흥덕구  ,431105001
국사봉,충청북도 제천시  ,431504401
국사봉,충청북도 보은군 회남면 ,437200601
국사봉,충청북도 보은군 내북면 ,437201901
국사봉,충청북도 보은군 회인면 ,437202701
국사봉,충청남도 천안시  ,441304101
국사봉,충청남도 공주시 정안면 ,441500801
국사봉,충청남도 공주시  ,441504801
국사봉,충청남도 공주시  ,441504901
국사봉,충청남도 논산시  ,442303401
국사봉,충청남도 연기군 전의면 ,447300301
국사봉,충청남도 연기군  ,447302501
국사봉,충청남도 청양군 운곡면 ,447900201
국사봉,전라북도 군산시  ,451304501
국사봉,전라북도 진안군 성수면 ,457200301
국사봉,전라남도 순천시  ,461504701
국사봉,전라남도 광양시 광양읍 ,462300401
국사봉,전라남도 영암군 금정면 ,468300201
국사봉,경상남도 거제시 아주동 ,483106101
국사봉,경상남도 의령군 봉수면 ,487200601
국사봉,경상남도 거창군 웅양면 ,488800501
국사봉매봉,충청남도 공주시  ,441505001
국사봉시루봉,충청북도 보은군 탄부면 ,437202301
국수봉,충청북도 청주시상당구  ,431105301
국수봉,충청북도 옥천군  ,437302701
국수봉,충청남도 보령시  ,441803201
국수봉,전라남도 담양군 대덕면 ,467100401
국수산,인천광역시 강화군  ,287100201
국지산,강원도 영월군 남면 ,427500701
국통산,경상북도 군위군 효령면 ,477200101
군산,제주도 서귀포시 안덕면 ,491300201
군산남고뒷산,전라북도 군산시  ,451305204
군왕봉,광주광역시 북구 청풍동 ,291701701
군유산,전라남도 함평군 신광면 ,468600301
군자봉,경기도 시흥시  ,413900101
굴봉산,강원도 춘천시 남산면 ,421100701
굴암산,경상남도 김해시 장유면 ,482500401
궁대,제주도 제주시  ,491103404
궁동산,서울특별시 서대문구  ,114100601
궁산,서울특별시 강서구 가양제1동 ,115000201
궁산,대구광역시 달서구 신당동 ,272900101
귀래정,전라북도 순창군  ,457702404
귀목봉,경기도 가평군 북면 ,418204701
귓물오름,제주도 제주시  ,491100804
극락오름,제주도 제주시  ,491101903
극정봉,충청남도 공주시  ,441505101
근남면,강원도 철원군 근남면 ,427802104
근산,강원도 삼척시 성내동 ,422300801
금강산,전라남도 해남군 마산면 ,468200501
금강산화암사숲길,강원도 고성군  ,428204604
금강소나무숲길,경상북도 봉화군 춘양면 ,479204504
금강으로가는하늘숲길,강원도 고성군  ,428204704
금계산,대구광역시 달성군 논공면 ,277100201
금계산,충청남도 공주시 유구읍 ,441500901
금골산,전라남도 진도군 군내면 ,469000301
금골산사리암,전라남도 진도군  ,469002304
금귀봉,경상남도 거창군 남하면 ,488804401
금남산,경기도 남양주시 화도읍 ,413602701
금남정맥,충청남도 부여군  ,447600103
금남정맥안골산,충청남도 공주시  ,441500103
금남호남정맥,전라북도 장수군  ,457400104
금단산,충청북도 괴산군 청천면 ,437600201
금당산,광주광역시 남구 효덕동 ,291550301
금당산,강원도 평창군 용평면 ,427600501
금당산숲길,광주광역시 남구  ,291551504
금대산,경상남도 함양군 마천면 ,488700401
금덩산,경기도 화성시 봉담읍 ,415903801
금동산,경상남도 김해시 상동면 ,482500501
금련산,부산광역시 수영구 광안4동 ,265000101
금무산,경상북도 칠곡군 왜관읍 ,478500501
금물산,강원도 횡성군 서원면 ,427300401
금박산,경기도 용인시처인구 양지면 ,414603801
금박산,경상북도 경산시 진량면 ,472900201
금병산,대전광역시 유성구 구즉동 ,302000301
금병산,강원도 춘천시 동내면 ,421100801
금병산,경상남도 김해시 진영읍 ,482500601
금봉산,경상북도 의성군 옥산면 ,477303201
금북정맥,충청남도 천안시  ,441300103
금산,대구광역시 달성군 유가면 ,277103701
금산,전라북도 순창군 순창읍 ,457700501
금산,전라남도 담양군 무정면 ,467100501
금산,경상남도 의령군 지정면 ,487200104
금성산,충청남도 부여군 부여읍 ,447600501
금성산,전라북도 전주시  ,451103601
금성산,전라북도 군산시  ,451304701
금성산,전라남도 나주시 노안면 ,461700501
금성산,전라남도 담양군  ,467102401
금성산,전라남도 고흥군 풍양면 ,467700201
금성산,경상북도 경산시  ,472901401
금성산,경상북도 의성군 금성면 ,477300601
금성산,경상남도 합천군 대병면 ,488900701
금수산,충청북도 단양군  ,438002601
금오름,제주도 제주시  ,491101804
금오산,충청남도 예산군 예산읍 ,448100101
금오산,전라남도 여수시 돌산읍 ,461300501
금오산,경상북도 구미시 선주원남동 ,471900101
금오산,경상남도 밀양시 삼랑진읍 ,482700701
금오산,경상남도 하동군  ,488500301
금원산,경상남도 거창군 위천면 ,488805801
금음산,경상남도 김해시 한림면 ,482504901
금이광이,경상북도 청송군 청송읍 ,477502804
금장산,경상북도 영양군 수비면 ,477600301
금적산,충청북도 보은군 삼승면 ,437200701
금전산,전라남도 순천시 낙안면 ,461503801
금정산,부산광역시 금정구  ,264100101
금정산,인천광역시 서구  ,282601001
금주산,경상남도 마산시 구산면 ,481500401
금채산,경상남도 의령군 용덕면 ,487204301
금학산,강원도 홍천군 남면 ,427200801
금학산,강원도 철원군 동송읍 ,427800401
금학산,경상북도 안동시 길안면 ,471700701
금학산둘레길,강원도 홍천군  ,427200103
금호남정맥,전라북도 진안군  ,457200104
기대봉,충청남도 공주시  ,441505301
기룡산,경상북도 안동시 남선면 ,471700801
기룡산,경상북도 영천시 자양면 ,472300401
기린공원,전라북도 전주시  ,451103004
기린봉,전라북도 전주시  ,451100801
기마봉,강원도 강릉시 강동면 ,421500701
기백산,경상남도 거창군  ,488807501
기산봉,전라남도 함평군  ,468601501
기선봉,경상남도 거창군  ,488805701
기양산,경상북도 구미시 무을면 ,471904101
기양산,경상북도 상주시 청리면 ,472500501
기역산,전라남도 장흥군 유치면 ,468000601
기우산,강원도 정선군 정선읍 ,427701401
길상산,인천광역시 강화군  ,287100301
김개남장군묘,전라북도 정읍시  ,451803804
김대중모실길,전라남도 신안군  ,469100103
깃대봉,광주광역시 동구 학운동 ,291100401
깃대봉,충청남도 공주시  ,441505401
깃대봉,전라북도 진안군  ,457200401
깃대봉,전라남도 순천시 서면 ,461500401
깃대봉,전라남도 신안군 흑산면 ,469100501
까끄레기,제주도 제주시  ,491103504
까치산,대구광역시 달성군  ,277100401
까치산,경상북도 김천시  ,471500701
까치산,경상남도 김해시 대동면 ,482500801
까치절산,전라남도 구례군 광의면 ,467300501
꼬추봉,강원도 삼척시  ,422309101
꼭지산,전라북도 진안군  ,457203001
꽃봉,대전광역시 동구 대청동 ,301100601
꽃봉산,경상남도 산청군 산청읍 ,488601301
꽃산,대전광역시 대덕구 회덕2동 ,302300201
꾀꼬리봉,충청남도 연기군 금남면 ,447300501
나각산,경상북도 상주시 낙동면 ,472500601
나래산,전라북도 임실군 운암면 ,457502601
나산,강원도 홍천군 서면 ,427201001
나시리오름,제주도 서귀포시  ,491301404
나티미기산,경상북도 칠곡군  ,478500801
나팔봉,강원도 정선군 정선읍 ,427709801
낙가산,인천광역시 강화군  ,287101601
낙가산,충청북도 청주시상당구  ,431100701
낙동정맥,경상북도 영양군  ,477600103
낙천리,강원도 정선군 임계면 ,427709904
낙화산,경상남도 밀양시 상동면 ,482700801
낙화암,경상북도 칠곡군 지천면 ,478503804
남덕유산,전라북도 무주군  ,457300301
남망산,전라남도 진도군 의신면 ,469000401
남병산,전라북도 군산시  ,451304801
남북종주,경상북도 청도군  ,478200104
남산,인천광역시 강화군  ,287100401
남산,울산광역시 남구 신정동 ,311400701
남산,강원도 삼척시 남양동 ,422301101
남산,강원도 홍천군 홍천읍 ,427201101
남산,강원도 정선군 북평면 ,427701701
남산,강원도 인제군 남면 ,428105501
남산,충청북도 보은군  ,437202401
남산,충청남도 금산군 금산읍 ,447100501
남산,충청남도 서천군 서천읍 ,447700301
남산,충청남도 홍성군 홍성읍 ,448000401
남산,전라북도 군산시 서수면 ,451301101
남산,전라남도 순천시 상사면 ,461500501
남산,전라남도 담양군  ,467102501
남산,전라남도 무안군 무안읍 ,468400501
남산,경상북도 청도군 화양읍 ,478200601
남산,경상남도 의령군 의령읍 ,487204201
남산_남선공원,대전광역시 서구  ,301700201
남산골,충청북도 진천군  ,437501704
남산근린공원,경상북도 상주시 신봉동 ,472504904
남산봉,제주도 서귀포시 성산읍 ,491300501
남산산림욕장,강원도 평창군 평창읍 ,427605504
남산숲길,경상남도 합천군 가야면 ,488906604
남송이,제주도 서귀포시  ,491301504
남암산,울산광역시 울주군 청량면 ,317100701
남원중뒷산,전라북도 남원시  ,451904104
남이장군로,경상북도 영양군 영양읍 ,477602104
남전산,강원도 정선군 동면 ,427701801
남포둘릴산,충청남도 보령시  ,441803301
남한산성,경기도 광주시 중부면 ,416102804
낭끼,제주도 서귀포시  ,491301604
낭도산,전라남도 여수시 화정면 ,461300601
내곡동,강원도 강릉시 내곡동 ,421500204
내동산,전라북도 진안군 성수면 ,457200501
내산,충청남도 청양군 청남면 ,447900401
내상산,충청남도 예산군  ,448102801
내연산,경상북도 포항시 송라면 ,471100801
내영산,전라남도 나주시  ,461703101
내포리야산,경상남도 창원시마산합포구 구산면 ,481101004
내현리산,강원도 양양군 서면 ,428305801
냉산,경상북도 구미시 도개면 ,471900301
넉시오름,제주도 서귀포시  ,491301704
넓적바위산,전라남도 장성군  ,468800901
넙게오름,제주도 서귀포시  ,491301804
노고산,대전광역시 동구  ,301102401
노고산,경기도 고양시덕양구 효자동 ,412800301
노꼬메큰오름,제주도 제주시 애월읍 ,491100201
노랭이봉,전라남도 광양시  ,462301701
노로오름,제주도 제주시  ,491101904
노루생태공원,제주도 제주시  ,491100403
노루손이오름,제주도 제주시  ,491100503
노릿재,전라남도 강진군 성전면 ,468102904
노목산,강원도 정선군 사북읍 ,427701901
노상산,울산광역시 울주군 삼동면 ,317100901
노성산,경기도 이천시 설성면 ,415003501
노성산,강원도 평창군 평창읍 ,427600801
노성산,충청남도 논산시 노성면 ,442300601
노악산,경상북도 상주시  ,472500901
노인봉,경상북도 봉화군  ,479205101
노인산,강원도 고성군 거진읍 ,428200801
노자산,경상남도 거제시 동부면 ,483101001
노적봉,경기도 안산시  ,412700201
노적봉,경상북도 포항시 효곡동 ,471100901
노적산,인천광역시 옹진군  ,287201701
노적산,충청남도 연기군 동면 ,447300601
노적산,충청남도 연기군 남면 ,447302801
노추산,강원도 강릉시 왕산면 ,421501001
노태산,충청남도 천안시 부성동 ,441300501
노화도큰산,전라남도 완도군  ,468902101
녹남봉,제주도 서귀포시  ,491301904
녹두봉,충청남도 금산군  ,447103301
녹번동근린공원,서울특별시 은평구  ,113800404
논오름,제주도 서귀포시  ,491302004
뇌성산,경상북도 포항시 구룡포읍 ,471101001
뇌암산,강원도 삼척시  ,422305701
누운오름,제주도 제주시  ,491103604
눈오름,제주도 제주시  ,491103704
눌의산,충청북도 영동군 추풍령면 ,437400801
느릅재,강원도 인제군  ,428107704
느림보강물길,충청북도 단양군  ,438002704
느지리오름,제주도 제주시  ,491100904
느태뒷산,경상남도 거제시 능포동 ,483106204
늑구리숲길,강원도 삼척시  ,422300203
능동산,경상남도 밀양시 산내면 ,482706201
능암덕산,강원도 영월군 영월읍 ,427500901
능천산,대구광역시 동구 안심2동 ,271400201
다가산,전라북도 전주시  ,451101001
다구리야산,경상남도 창원시마산합포구 진동면 ,481101104
다구리야산,경상남도 마산시  ,481503204
다랑쉬오름,제주도 제주시  ,491100304
다래오름,제주도 제주시  ,491102003
다래오름,제주도 서귀포시  ,491302104
다사매곡정수장,대구광역시 달성군  ,277104004
단봉산,경상남도 합천군 율곡면 ,488901501
단석산,경상북도 경주시 건천읍 ,471301101
단월산,경기도 양평군  ,418304801
단종장릉숲길,강원도 영월군  ,427505404
단지봉,경상남도 거창군  ,488807601
단풍산,강원도 영월군  ,427501001
달마산,전라남도 해남군 송지면 ,468200701
달바위봉,경상북도 봉화군  ,479205701
달봉산,경상북도 포항시남구 동해면 ,471104201
달봉산,경상북도 김천시  ,471501001
달봉산,경상북도 의성군 단촌면 ,477303301
달봉산,경상북도 봉화군 봉화읍 ,479200501
달산봉,제주도 서귀포시 표선면 ,491300801
달음산,부산광역시 기장군  ,267100401
담바우산,충청북도 옥천군  ,437303001
답십리공원,서울특별시 동대문구  ,112300204
당경산,충청남도 보령시 남포면 ,441800101
당두산,충청북도 제천시 금성면 ,431501001
당산,대전광역시 대덕구 회덕1동 ,302300301
당산,경기도 여주시  ,416703701
당산,충청남도 연기군 남면 ,447300701
당산,충청남도 당진군  ,448300301
당산봉,제주도 제주시 한경면 ,491100401
당산봉알봉,제주도 제주시  ,491103804
당오름,제주도 서귀포시  ,491302204
대곡산,경상남도 마산시 문화동 ,481500601
대곡산,경상남도 고성군 고성읍 ,488201201
대공산성,강원도 강릉시 사천면 ,421508604
대공원산,울산광역시 남구 신정동 ,311400604
대공원숲길,울산광역시 남구  ,311400804
대관령,강원도 강릉시 성산면 ,421507504
대금산,경기도 가평군 가평읍 ,418201101
대금산,경상남도 거제시 연초면 ,483101301
대금산두밀리고개,경기도 가평군  ,418204904
대니산,대구광역시 달성군 현풍면 ,277100501
대덕봉,충청남도 청양군 정산면 ,447900501
대덕산,대구광역시 수성구 고산2동 ,272600201
대덕산,경기도 평택시 포승면 ,412200301
대덕산,강원도 태백시 삼수동 ,421900501
대덕산,강원도 삼척시 도계읍 ,422308901
대덕산,전라북도 진안군 상전면 ,457200601
대덕산,전라북도 진안군  ,457202801
대덕산,전라남도 영광군 법성면 ,468700401
대도사뒷산,충청북도 제천시  ,431505204
대동산,전라북도 순창군 순창읍 ,457700701
대둔산,충청남도 금산군  ,447103401
대둔산_마천대,충청남도 논산시  ,442300801
대렴봉,경기도 여주시 금사면 ,416703601
대록산,제주도 서귀포시 표선면 ,491300901
대룡산,강원도 춘천시 동내면 ,421101101
대룡산,전라남도 보성군 미력면 ,467800401
대룡폭포,대구광역시 수성구  ,272601704
대명산,충청남도 논산시 부적면 ,442300901
대모산,서울특별시 서초구  ,116500701
대모산,서울특별시 강남구 일원본동 ,116800201
대모산,전라북도 순창군  ,457702501
대미산,충청북도 제천시 덕산면 ,431501201
대미산,전라남도 여수시 돌산읍 ,461300701
대방산,경상남도 남해군 창선면 ,488401601
대별동산,대전광역시 동구  ,301103901
대봉,경상남도 거창군 북상면 ,488804601
대봉산,전라남도 완도군 소안면 ,468900401
대봉산,전라남도 신안군 흑산면 ,469100701
대봉산,경상남도 함양군 서하면 ,488703901
대부산,전라북도 완주군 동상면 ,457100501
대비오름,제주도 서귀포시  ,491302304
대상골월경산,경상남도 함양군  ,488704001
대성산,대전광역시 동구  ,301104001
대성산,충청북도 옥천군 이원면 ,437300401
대성산,경상남도 산청군  ,488601601
대수산봉,제주도 서귀포시 성산읍 ,491301001
대신리,전라북도 완주군  ,457103904
대아수목원,전라북도 완주군  ,457104204
대암봉,대구광역시 동구  ,271400301
대암산,강원도 인제군 서화면 ,428101301
대암산,경상남도 창원시 가음정동 ,481100201
대암산,경상남도 합천군 율곡면 ,488901701
대야산,경상북도 문경시 가은읍 ,472800901
대야산성,강원도 영월군  ,427505504
대왕산,전라남도 순천시  ,461504801
대왕산,제주도 서귀포시 성산읍 ,491301101
대운산,경상남도 양산시 웅상읍 ,483300501
대이작도,인천광역시 강화군  ,287101704
대자산,경기도 고양시덕양구  ,412801401
대잠동센트럴,경상북도 포항시남구  ,471105504
대전둘레길만인산,대전광역시 동구  ,301101803
대전산책로,경상북도 청송군  ,477502904
대전시경계종주,대전광역시 동구  ,301100104
대절산,전라남도 영광군  ,468702601
대조봉,강원도 태백시 황지동 ,421903101
대지산,경기도 용인시수지구 죽전동 ,414600104
대지산,경기도 광주시 오포읍 ,416102901
대초산,전라북도 군산시 대야면 ,451301501
대포저수지,강원도 속초시 대포동 ,422100204
대포항주변,강원도 속초시 대포동 ,422100304
대황산_대봉산,전라북도 군산시  ,451301601
댓재옛길,강원도 삼척시 미로면 ,422309204
더기산,충청남도 금산군  ,447100701
더데오름,제주도 서귀포시  ,491302404
더퍼리골,대전광역시 동구  ,301101904
덕가산,강원도 영월군  ,427501101
덕갈산,경상남도 거창군 남상면 ,488801501
덕고산,강원도 횡성군 횡성읍 ,427300501
덕기봉,충청남도 금산군 부리면 ,447100801
덕대산,충청북도 옥천군  ,437302601
덕동산,경기도 평택시 비전동 ,412200104
덕령산,강원도 철원군 갈말읍 ,427802201
덕룡산,전라남도 강진군 도암면 ,468100501
덕봉,광주광역시 북구 화암동 ,291701801
덕봉산,강원도 삼척시 근덕면 ,422301401
덕봉산,충청남도 예산군 예산읍 ,448100201
덕산,경상남도 고성군 개천면 ,488201301
덕산_가야산,충청남도 예산군  ,448100301
덕산계곡,전라북도 장수군  ,457403804
덕산계곡,전라북도 장수군  ,457403904
덕산봉,경상북도 봉화군 재산면 ,479200701
덕산산,전라남도 영광군  ,468702801
덕성산,경기도 수원시장안구 이목동 ,411170901
덕성산,경기도 안성시 금광면 ,415500701
덕숭산_수덕산,충청남도 예산군  ,448100401
덕암산,경기도 안성시 원곡면 ,415500801
덕암산,전라남도 완도군 고금면 ,468900501
덕우봉,강원도 강릉시 강남동 ,421501501
덕우산,강원도 강릉시 왕산면 ,421501601
덕유산_향적봉,전라북도 무주군 설천면 ,457300702
덕음산,전라북도 남원시  ,451900901
덕정산,인천광역시 강화군  ,287101801
덕지산,경기도 평택시 청북면 ,412200501
덕태산,전라북도 진안군  ,457200801
덕태산백운마을,전라북도 진안군  ,457203704
덕포숲길,강원도 영월군  ,427505604
덕항산,강원도 태백시 삼수동 ,421900601
덤바위산,대전광역시 동구  ,301104101
도계대덕산,강원도 삼척시  ,422304001
도고산,충청남도 아산시  ,442001201
도고산,충청남도 예산군  ,448102401
도고산,경상북도 칠곡군 기산면 ,478501001
도너리오름,제주도 서귀포시  ,491300404
도덕봉,충청북도 옥천군 옥천읍 ,437300501
도덕봉,충청북도 옥천군 청산면 ,437302801
도덕산,대구광역시 동구 공산2동 ,271400401
도덕산,경기도 광명시  ,412100301
도덕산,경상북도 경주시 안강읍 ,471301301
도덕산,경상남도 통영시 도산면 ,482200601
도두봉,제주도 제주시 도두동 ,491100501
도락산,경기도 양주시 백석읍 ,416300501
도락산,충청북도 단양군  ,438002801
도름산,강원도 정선군 임계면 ,427702301
도리산,전라남도 진도군 조도면 ,469000701
도봉산,경상남도 김해시 상동면 ,482501001
도봉산_자운봉,서울특별시 도봉구 도봉동 ,113200102
도비산,충청남도 서산시 인지면 ,442100401
도숭산,경상남도 함양군 지곡면 ,488703701
도안공원,대전광역시 서구  ,301700704
도음산,경상북도 포항시북구 흥해읍 ,471104901
도장산,경상북도 문경시 농암면 ,472801001
도초산,경상남도 창녕군 남지읍 ,487400701
도화리,강원도 양양군 손양면 ,428305904
독묘산,강원도 삼척시 신기면 ,422301701
독바위산,서울특별시 은평구  ,113801001
독봉산,강원도 삼척시  ,422305901
독봉산,경상남도 거제시 신현읍 ,483101501
독수정원림,전라남도 담양군 남면 ,467102804
독실산,전라남도 신안군  ,469104801
독용산,경상북도 성주군 가천면 ,478400701
독자봉,제주도 서귀포시 성산읍 ,491301201
독재봉,강원도 횡성군  ,427303901
돈달산,경상북도 문경시  ,472804801
돈대미,제주도 제주시  ,491103904
돈대이,경상북도 봉화군  ,479205204
돈지공원,대구광역시 동구 신평동 ,271401504
돌고개,강원도 춘천시 삼천동 ,421105704
돌구산,경상남도 고성군 상리면 ,488207101
돌람산,충청북도 옥천군  ,437300601
돌봉산,경기도 용인시처인구 유방동 ,414603901
돌오름길,제주도 서귀포시  ,491300304
돔박이,제주도 제주시  ,491104004
돗대산,전라북도 군산시  ,451301701
동광산,대전광역시 동구  ,301104201
동구래탐방로,강원도 화천군  ,427903404
동구릉,경기도 구리시  ,413100204
동국대뒷산,경기도 고양시일산동구  ,412801504
동달산,충청남도 보령시 미산면 ,441800201
동대산,울산광역시 북구 매곡동 ,312000101
동대산,경상북도 영덕군 남정면 ,477701201
동두산,강원도 양양군 양양읍 ,428301101
동림산,충청북도 청주시흥덕구 옥산면 ,431101101
동림산,충청남도 연기군  ,447300801
동막산,충청남도 보령시 웅천읍 ,441800301
동망봉,전라남도 완도군  ,468901801
동맥이산,경기도 이천시 마장면 ,415003401
동백길,제주도 서귀포시  ,491300204
동산,충청북도 제천시 청풍면 ,431501301
동산,경상남도 거제시 거제면 ,483101701
동성산,전라북도 완주군 고산면 ,457100601
동악산둘레길,전라남도 곡성군  ,467200103
동암산,인천광역시 부평구  ,282370601
동포뒷산,전라남도 고흥군  ,467703101
동해동산,충청남도 공주시  ,441505501
동화산,울산광역시 북구 송정동 ,312000201
된봉,강원도 강릉시 난곡동 ,421507601
된봉,강원도 태백시  ,421903601
됨봉,충청남도 공주시  ,441505601
두루봉산,충청북도 청주시청원구  ,431101301
두류산,강원도 화천군 하남면 ,427900601
두륜산_가련봉,전라남도 해남군 북일면 ,468201301
두리봉,강원도 춘천시  ,421101301
두리봉,충청남도 공주시  ,441505701
두리봉,전라북도 전주시  ,451101201
두리봉,경상북도 상주시  ,472505201
두만리산,충청남도 공주시  ,441505801
두무산,경상남도 거창군  ,488807701
두밀령,강원도 양구군  ,428001204
두방산,전라남도 고흥군 동강면 ,467700401
두백산,강원도 고성군 죽왕면 ,428203601
두봉산,전라남도 신안군 자은면 ,469101401
두수골,강원도 삼척시 도계읍 ,422309304
두승산,전라북도 정읍시 덕천면 ,451801001
두승산성,전라북도 정읍시  ,451803904
두억봉,전라남도 영암군  ,468302301
두억봉,전라남도 영암군  ,468303101
두위봉,강원도 영월군 중동면 ,427501201
두치산,강원도 정선군 고한읍 ,427700201
두타산,강원도 삼척시 미로면 ,422301901
두타산,강원도 평창군 진부면 ,427601501
두타산,충청북도 진천군 초평면 ,437500301
둔군봉,충청남도 당진군  ,448300501
둔덕산,경상북도 문경시 가은읍 ,472801101
둔병재어림재,전라남도 화순군  ,467904204
둔주봉,충청남도 공주시  ,441505901
둔지봉,제주도 제주시 구좌읍 ,491100601
둔철산,경상남도 산청군 산청읍 ,488602001
둥글메산,인천광역시 계양구  ,282450201
뒷굽은이오름,제주도 제주시  ,491104104
뒷산한치고개,충청남도 예산군  ,448102704
드름산,강원도 춘천시  ,421101501
들레오름,제주도 제주시  ,491104204
등고산,경기도 화성시 팔탄면 ,415903601
등곡산,충청북도 제천시 한수면 ,431501501
등배산,인천광역시 남동구 도림동 ,282001101
등운산,경상북도 영덕군 병곡면 ,477701501
따라비,제주도 서귀포시 표선면 ,491300104
땅재봉,강원도 강릉시 유천동 ,421507701
로방산,경상남도 의령군  ,487205001
마곡사,충청남도 공주시  ,441506004
마구산,경기도 용인시  ,414603701
마국산,경기도 이천시  ,415003701
마금산,경상남도 창원시 북면 ,481100301
마니산,인천광역시 강화군  ,287100601
마니산,충청북도 영동군 양산면 ,437401101
마당재산,충청북도 제천시 금성면 ,431501601
마대산,강원도 영월군 하동면 ,427501301
마등산,경기도 화성시 동탄면 ,415904001
마락산,경기도 광주시 도척면 ,416103001
마래산,전라남도 여수시 화정면 ,461300901
마로산,전라남도 광양시 광양읍 ,462300601
마명산,강원도 강릉시 경포동 ,421501901
마보기,제주도 제주시  ,491104304
마복산,전라남도 고흥군 포두면 ,467700501
마봉산,전라북도 순창군  ,457702601
마봉산,경상남도 진해시 웅동1동 ,481900501
마산,강원도 고성군 간성읍 ,428201201
마산동산성,대전광역시 동구  ,301102504
마산봉,강원도 정선군  ,427702901
마성산,충청북도 옥천군 옥천읍 ,437300801
마안산,경기도 평택시 현덕면 ,412200601
마안산,경상남도 함양군 지곡면 ,488701201
마암1898봉,충청남도 공주시  ,441506101
마이산,전라북도 진안군 마령면 ,457200901
마적산,강원도 춘천시 신북읍 ,421101701
마중오름,제주도 제주시  ,491101004
마집봉,광주광역시 동구 용연동 ,291101901
마차봉,강원도 강릉시 죽헌동 ,421507801
마천산,대구광역시 달성군 하빈면 ,277100801
마파산,경상남도 통영시 산양읍 ,482202901
마평동산,경기도 용인시처인구 마평동 ,414604001
마항산,경상북도 군위군 군위읍 ,477201901
마향산,전라북도 무주군 적상면 ,457300801
막장봉,경상북도 문경시 가은읍 ,472805101
만경대,강원도 강릉시 구미동 ,421500504
만경산,충청남도 천안시  ,441300701
만경산,경상북도 의성군 단밀면 ,477301101
만남의광장구포도서관,부산광역시 북구  ,263200103
만덕봉,강원도 강릉시 왕산면 ,421502101
만덕산,전라북도 완주군 소양면 ,457100701
만덕산,전라남도 담양군 대덕면 ,467100701
만덕산,전라남도 강진군  ,468100701
만뢰산,충청북도 진천군 진천읍 ,437500401
만리공원,강원도 속초시 교동 ,422100404
만리산,경상북도 봉화군 명호면 ,479200801
만리포중학교뒷산,충청남도 태안군 소원면 ,448252304
만불산,경상북도 경주시 서면 ,471306001
만석산,경상북도 봉화군 물야면 ,479200901
만세봉,충청남도 청양군 정산면 ,447900601
만수산,인천광역시 남동구 만수동 ,282000701
만수산,충청남도 보령시 미산면 ,441800401
만어산,경상남도 밀양시 삼랑진읍 ,482701601
만연산,전라남도 화순군 화순읍 ,467901201
만월산,인천광역시 강화군  ,287100701
만월산,강원도 양양군 현북면 ,428301201
만인산,충청남도 금산군 복수면 ,447101101
만지산,강원도 정선군 정선읍 ,427702501
만항산,강원도 정선군  ,427709001
말곡리산,강원도 양양군 현북면 ,428306004
말목산,충청북도 단양군  ,438002901
망객산,충청남도 당진군  ,448300601
망경대,충청남도 연기군  ,447302904
망경대산,강원도 영월군 하동면 ,427501501
망경산,충청남도 아산시 배방면 ,442001501
망경산,전라북도 군산시 성산면 ,451302001
망기봉,강원도 강릉시 옥계면 ,421507901
망나니고개,강원도 철원군  ,427802904
망대암산,강원도 양양군 서면 ,428305301
망덕봉,충청북도 제천시  ,431504501
망덕봉,충청남도 공주시  ,441506201
망령산,강원도 홍천군 홍천읍 ,427202101
망마산,전라남도 여수시 화정면 ,461301001
망모산,전라남도 무안군 일로읍 ,468401101
망밭,제주도 제주시  ,491104404
망봉산,경상남도 거제시 사등면 ,483106301
망산,전라남도 완도군 금일읍 ,468900701
망산,경상남도 통영시 한산면 ,482200801
망산,경상남도 거제시 일운면 ,483102101
망산,경상남도 거제시 남부면 ,483106401
망산,경상남도 거제시 일운면 ,483106501
망설봉,경상남도 거창군 남상면 ,488805901
망우산,서울특별시 중랑구  ,112600301
망운산,경상남도 남해군 미조면 ,488401901
망월산,충청북도 청주시서원구 남이면 ,431101601
망월산,충청남도 청양군 장평면 ,447900701
망일봉,전라남도 순천시  ,461505401
망일산,경상남도 합천군 봉산면 ,488902201
망주산,전라남도 고흥군 남양면 ,467700701
망진산,경상남도 진주시 망경동 ,481700701
망치산,경상남도 거제시 사등면 ,483102501
망태봉,강원도 인제군 남면 ,428101601
망해봉,경상남도 산청군 단성면 ,488602201
망해산,전라북도 군산시 나포면 ,451302101
매고개,강원도 인제군 남면 ,428105604
매곡산,경기도 양평군 서종면 ,418301701
매봉,강원도 강릉시 연곡면 ,421502501
매봉,강원도 횡성군  ,427300801
매봉,경상남도 합천군 삼가면 ,488906701
매봉,제주도 제주시  ,491104504
매봉산,경기도 평택시 비전동 ,412200204
매봉산,강원도 원주시  ,421300901
매봉산,강원도 동해시 삼화동 ,421700301
매봉산,강원도 태백시 삼수동 ,421900701
매봉산,강원도 영월군 상동읍 ,427501701
매봉산,강원도 정선군 여량면 ,427700401
매봉산,강원도 화천군 간동면 ,427900701
매봉산,충청북도 청주시서원구  ,431105901
매봉산,충청남도 천안시 병천면 ,441300801
매봉산,충청남도 청양군  ,447902201
매봉산,전라남도 해남군  ,468203501
매봉산,전라남도 무안군  ,468403301
매봉산,경상북도 구미시 장천면 ,471900701
매봉산,경상북도 문경시 동로면 ,472804601
매봉산,경상북도 영양군 수비면 ,477601501
매봉산,경상북도 봉화군 봉화읍 ,479201001
매봉산,경상남도 밀양시 삼랑진읍 ,482701701
매봉산,경상남도 양산시 어곡동 ,483302501
매봉산,경상남도 의령군 궁류면 ,487201501
매봉산,경상남도 고성군 마암면 ,488202101
매봉산,경상남도 산청군 오부면 ,488602401
매봉산,경상남도 합천군 합천읍 ,488906801
매봉산산림욕장,강원도 평창군 대화면 ,427605604
매봉재,충청남도 홍성군  ,448002504
매산,강원도 평창군 진부면 ,427605801
매악산,경상북도 상주시 사벌면 ,472501201
매원산,강원도 삼척시 근덕면 ,422300103
머네골1구간,강원도 고성군 간성읍 ,428203704
면산,강원도 태백시 구문소동 ,421900901
면산,강원도 삼척시  ,422302301
명덕봉,충청남도 청양군 정산면 ,447900801
명덕봉,전라북도 진안군 정천면 ,457201101
명덕산,충청남도 공주시 옥룡동 ,441501101
명도봉,전라북도 진안군  ,457203101
명동재,경상남도 거제시 하청면 ,483106604
명봉산,대구광역시 북구 칠곡3동 ,272300401
명봉산,경기도 고양시덕양구  ,412801601
명성산,강원도 철원군 갈마읍 ,427800701
명지산,경기도 가평군 북면 ,418201401
모구리,제주도 제주시  ,491104604
모도당산,인천광역시 옹진군  ,287201601
모락산,경기도 의왕시 내손2동 ,414300401
모산봉,강원도 강릉시 강남동 ,421502701
모악산,전라북도 전주시  ,451103301
모악산,전라북도 김제시  ,452100701
모후산,전라남도 화순군 동복면 ,467901601
목우산,강원도 영월군  ,427501901
목포시립도서관뒷산,전라남도 목포시  ,461101404
몰운대,부산광역시 사하구  ,263800504
몰운대,강원도 정선군 화암면 ,427700604
못골산,강원도 정선군 고한읍 ,427700901
몽덕산,경기도 가평군 북면 ,418201601
몽령산,충청북도 청주시청원구  ,431101701
묘고산,전라북도 전주시  ,451103401
묘봉미남봉,경상북도 상주시  ,472505301
묘봉산,경상북도 포항시북구 흥해읍 ,471105001
묘봉산,경상북도 포항시남구  ,471105201
무갑산,경기도 광주시 초월면 ,416101301
무등산,충청북도 제천시 송학면 ,431502001
무랑골,강원도 양양군 현북면 ,428300104
무량산,충청북도 영동군  ,437401301
무량산,경상남도 고성군 고성읍 ,488202401
무룡산,울산광역시 북구 송정동 ,312000301
무룡산,경상남도 거창군 북상면 ,488804701
무봉산,경기도 평택시 진위면 ,412200801
무봉산,경기도 화성시 남양면 ,415900801
무선산,전라남도 여수시 화정면 ,461301301
무성산,경기도 평택시 청북면 ,412202301
무성산,충청남도 공주시 우성면 ,441501201
무암사,충청북도 제천시  ,431505304
무이산,경상남도 고성군 상리면 ,488202501
무이산,경상남도 함양군 지곡면 ,488701401
무제산,충청북도 진천군 이월면 ,437500601
무지개산,경상북도 상주시  ,472501301
무척산,경상남도 김해시 생림면 ,482501401
무학봉,강원도 화천군  ,427903301
무학산,대구광역시 수성구 황금동 ,272601101
무학산,경상북도 경산시 하양읍 ,472900701
무학산,경상남도 마산시 교방동 ,481500901
무학산둘레길,경상남도 창원시  ,481100103
무학산용두산,전라북도 익산시  ,451400601
묵방산,충청남도 공주시 우성면 ,441501301
묵방산,전라북도 완주군 상관면 ,457100801
묵장산,울산광역시 울주군 두동면 ,317104401
문래산,충청북도 충주시 살미면 ,431301001
문명산,경상북도 봉화군 명호면 ,479201201
문박산,충청남도 청양군 비봉면 ,447900901
문복산,경상북도 청도군 운문면 ,478201201
문봉산,충청남도 보령시 성주면 ,441800601
문산리뒷산,대구광역시 달성군  ,277104104
문수봉,경기도 용인시 원삼면 ,414601601
문수산,울산광역시 울주군 청량면 ,317101801
문수산,경기도 용인시 모현면 ,414601701
문수산,경기도 용인시처인구  ,414605101
문수산,전라북도 고창군 고수면 ,457900401
문수산,경상북도 구미시 산동면 ,471904201
문수산,경상북도 봉화군 물야면 ,479201301
문안산,경기도 남양주시 화도읍 ,413600601
문안산신당재,경기도 남양주시  ,413603504
문암산,강원도 태백시 금천동 ,421903201
문암산,강원도 홍천군 내면 ,427202901
문유산,전라남도 순천시 승주읍 ,461501001
문학산,인천광역시 연수구 연수1동 ,281850101
문형산,경기도 광주시 오포읍 ,416101401
물무산,전라남도 영광군  ,468702101
물박물관,경상남도 진주시 내동면 ,481703304
물야면사무소뒷산,경상북도 봉화군  ,479205804
물영아리,제주도 제주시  ,491104704
물찻오름,제주도 제주시  ,491100603
미궐산,충청남도 청양군 목면 ,447901001
미녀봉,경상남도 거창군  ,488807801
미동산,충청북도 청주시상당구 미원면 ,431101801
미륵산,전라북도 익산시 삼기면 ,451400201
미륵산,경상남도 통영시 봉평동 ,482201101
미륵산,경상남도 통영시 미수동 ,482203101
미림산,경상북도 봉화군 재산면 ,479201401
미봉산,경상남도 함안군 군북면 ,487302601
미석산,경상북도 구미시 해평면 ,471900901
미숭산,경상북도 고령군 고령읍 ,478300601
미숭산,경상남도 합천군  ,488907501
미약산,제주도 제주시  ,491104804
미타산,경상남도 의령군 부림면 ,487201601
미타산,경상남도 합천군  ,488907601
민둥산,경기도 가평군  ,418201701
민락,경기도 의정부시  ,411500804
민락공원,부산광역시 수영구  ,265000304
민안초등학교뒷산,부산광역시 수영구  ,265000404
민오름,제주도 제주시  ,491102804
민오름,제주도 제주시  ,491104904
민주지산,충청북도 영동군 상촌면 ,437401401
민주지산불대,전라북도 무주군  ,457302704
바늘오름,제주도 제주시  ,491102103
바데산,경상북도 영덕군 남정면 ,477701901
바둑고개,강원도 인제군 서화면 ,428105704
바라산,경기도 의왕시 청계동 ,414300501
바라산자연휴양림,경기도 의왕시  ,414300904
바랑산,경상남도 거창군 신원면 ,488804901
바리메,제주도 제주시 애월읍 ,491100701
바우오름,제주도 서귀포시  ,491302504
박난봉,전라남도 순천시  ,461504901
박달봉,경기도 포천시 이동면 ,416504601
박달봉,강원도 정선군 정선읍 ,427701001
박달산,충청북도 영동군 용산면 ,437401501
박달산,충청북도 괴산군 장연면 ,437600501
박달산,경상북도 안동시 녹전면 ,471701401
박대산,경상남도 의령군 의령읍 ,487205601
박봉산,충청남도 예산군 신양면 ,448100701
박산,경상남도 거창군  ,488806701
박석산,전라북도 무주군 설천면 ,457302401
박월산,강원도 태백시 동점동 ,421902501
박월산,경상남도 창녕군 고암면 ,487403701
박유산,경상남도 거창군 남하면 ,488802101
밖돌오름,제주도 제주시  ,491105004
반론산,강원도 정선군 여량면 ,427708301
반륜산,강원도 정선군 북면 ,427703201
반야사둘레길,충청북도 영동군  ,437400103
반약산,충청남도 논산시 취암동 ,442301501
반용산,경상남도 김해시 장유면 ,482501601
반월산,경상남도 마산시 양덕2동 ,481501001
반천리,강원도 정선군 임계면 ,427701104
발교산,강원도 횡성군 청일면 ,427301101
발리리뒷산,경상북도 영양군 수비면 ,477602004
발산,강원도 영월군 영월읍 ,427502001
발산분덕재,강원도 영월군  ,427505304
발왕산,강원도 평창군 도암면 ,427602201
발한동,강원도 동해시  ,421701804
밝얼산,울산광역시 울주군 상북면 ,317104501
밥봉,강원도 강릉시 옥계면 ,421502901
밧세미오름,제주도 제주시  ,491102203
방가산,경상북도 영천시 화북면 ,472301001
방계산,경상남도 의령군 낙서면 ,487204401
방골산,경상남도 창녕군 성산면 ,487403401
방광산,경상북도 청송군 청송읍 ,477501601
방구산,광주광역시 남구  ,291551301
방아고개,강원도 동해시 당봉동 ,421701904
방아달산,충청남도 공주시  ,441506301
방애오름,제주도 제주시  ,491105104
방어산,경상남도 진주시 지수면 ,481701101
방장산,전라북도 고창군 신림면 ,457900601
방장산,전라남도 보성군 겸백면 ,467800601
방태산,강원도 인제군 기린면 ,428102201
배금산,전라남도 장성군  ,468803001
배담재,전라남도 담양군 남면 ,467102904
배래치골산,강원도 정선군  ,427701201
배매산,인천광역시 서구  ,282601201
배미산,경기도 여주시  ,416703801
배방산,충청남도 아산시 배방면 ,442001901
배봉산,서울특별시 동대문구 휘경제2동 ,112300101
배산,부산광역시 수영구 망미1동 ,265000201
배산,전라북도 익산시  ,451400701
배재산,충청남도 보령시 주포면 ,441800701
백곡산,충청북도 제천시  ,431504601
백덕산,강원도 영월군 수주면 ,427505801
백덕산,강원도 평창군 평창읍 ,427602301
백두대간건의령고적대,강원도 삼척시  ,422300704
백두대간동해전망대,강원도 강릉시  ,421500604
백두대간만항재,강원도 정선군  ,427700504
백두대간트레일인제,강원도 인제군  ,428100403
백두대간트레일평창,강원도 평창군 대관령면 ,427600203
백두산,경상남도 김해시 대동면 ,482501701
백련산,서울특별시 은평구 응암제2동 ,113800101
백련산,서울특별시 서대문구  ,114100701
백련산,전라북도 임실군 강진면 ,457501001
백룡산,전라남도 영암군 금정면 ,468300701
백마산,광주광역시 서구 서창동 ,291400201
백마산,경기도 광주시 초월면 ,416101601
백마산,충청남도 금산군  ,447103601
백마산,경상북도 구미시 고아면 ,471901001
백마산,경상남도 밀양시  ,482702001
백마산,경상남도 산청군 신안면 ,488602601
백병봉,경기도 양평군 강하면 ,418302001
백병산,강원도 태백시 황연동 ,421901101
백복령,강원도 정선군 임계면 ,427700103
백봉산,경기도 남양주시 화도읍 ,413602501
백봉산,경기도 남양주시 와부읍 ,413602801
백석봉,강원도 정선군 북평면 ,427703501
백석산,광주광역시 서구  ,291400301
백석산,강원도 평창군 진부면 ,427602401
백수리산,경상북도 김천시 부항면 ,471504201
백아산,전라남도 화순군 북면 ,467901901
백아산,전라남도 함평군  ,468600701
백아산목장,전라남도 화순군  ,467904304
백악산,충청북도 괴산군 청천면 ,437600801
백안산,경상남도 합천군 삼가면 ,488903101
백암산,강원도 홍천군 내촌면 ,427203001
백암산,충청남도 금산군  ,447101301
백암산,경상북도 울진군 온정면 ,479301101
백암산,경상남도 거제시 거제면 ,483102701
백암산,경상남도 함양군 함양읍 ,488701501
백약이,제주도 서귀포시  ,491302604
백양산,부산광역시 사상구 모라동 ,265300101
백우산,강원도 홍천군 내촌면 ,427203101
백우산,전라남도 장성군  ,468803101
백운봉,경기도 양평군  ,418304701
백운봉,경상북도 구미시  ,471905301
백운산,인천광역시 중구 영종동 ,281100101
백운산,울산광역시 울주군 상북면 ,317102001
백운산,경기도 안성시 죽산면 ,415501501
백운산,경기도 포천시 이동면 ,416501801
백운산,강원도 정선군 신동읍 ,427708601
백운산,충청북도 제천시 백운면 ,431502201
백운산,충청남도 천안시 목천면 ,441301201
백운산,충청남도 공주시  ,441506401
백운산,전라북도 무주군 적상면 ,457301401
백운산,전라남도 광양시 옥룡면 ,462300801
백운산,전라남도 함평군  ,468601801
백운산,전라남도 완도군 생일면 ,468901001
백운산,경상남도 밀양시 산내면 ,482706301
백운산,경상남도 고성군 상리면 ,488203101
백운산,경상남도 산청군 단성면 ,488602701
백운산,경상남도 함양군 마천면 ,488701601
백월산,충청남도 보령시 청라면 ,441800801
백월산,충청남도 청양군  ,447902301
백월산,충청남도 예산군 광시면 ,448100801
백월산,경상남도 창원시 북면 ,481100401
백이산,강원도 정선군 남면 ,427703701
백이산,전라남도 보성군  ,467802501
백이산,경상남도 함안군 군북면 ,487300801
백자산,경상북도 경산시 남천면 ,472900901
백적산,강원도 평창군 대화면 ,427602601
백족산,경기도 이천시 장호원읍 ,415001301
백족산,충청북도 청주시상당구 낭성면 ,431101901
백토,전라북도 고창군  ,457903004
백하산,충청북도 영동군 학산면 ,437401801
백학산,전라남도 무안군 해제면 ,468401301
백호산,전라남도 여수시 화정면 ,461301401
백화산,충청북도 청주시청원구  ,431102001
백화산,충청북도 영동군  ,437401901
백화산,경상북도 문경시 문경읍 ,472801501
뱀산,대구광역시 달성군  ,277101101
뱀째산,강원도 양양군 양양읍 ,428301701
버무덕골산,강원도 정선군 사북읍 ,427701501
번널오름,제주도 제주시  ,491105204
번암산,강원도 화천군 사내면 ,427902801
범바위,강원도 속초시 금호동 ,422100504
범바위봉,강원도 삼척시  ,422306001
범바위산,서울특별시 서초구 내곡동 ,116500104
범백산,충청북도 청주시청원구  ,431102101
범어공원,대구광역시 수성구  ,272601204
법산,충청남도 청양군 운곡면 ,447901101
법정악,제주도 서귀포시  ,491303004
법화산,경기도 용인시 구성면 ,414601801
법화산,충청남도 공주시 유구읍 ,441501501
법화산,경상남도 함양군 휴천면 ,488701801
벙산,전라남도 신안군 임자면 ,469101901
베틀산,경상북도 구미시 해평면 ,471901101
벳터고개,강원도 인제군 인제읍 ,428100103
벼락바위봉,충청북도 제천시  ,431504701
벽방산,경상남도 통영시 도산면 ,482201301
벽암산,강원도 정선군 남면 ,427703901
벽옥산,전라남도 보성군  ,467802201
벽화산,경상남도 의령군 의령읍 ,487202001
변동근린공원,대전광역시 서구  ,301700804
별도봉,제주도 제주시  ,491101104
별립산,인천광역시 강화군  ,287101901
별산,전라남도 화순군 동면 ,467902001
별악봉,인천광역시 강화군  ,287102001
병곳,제주도 제주시  ,491105304
병마산,충청북도 청주시흥덕구 오송읍 ,431102201
병무산,전라남도 장흥군  ,468002001
병방산,강원도 정선군 정선읍 ,427708501
병암산,경상북도 영양군 석보면 ,477600701
병풍산,강원도 화천군 간동면 ,427900901
병풍산,전라남도 순천시 황전면 ,461501201
병풍산,전라남도 장성군 북하면 ,468801301
병풍산,경상북도 상주시 동문동 ,472501901
보광사,강원도 속초시 동명동 ,422100604
보광산,충청북도 괴산군 사리면 ,437601001
보납산,경기도 가평군 가평읍 ,418201801
보덕봉,대전광역시 유성구  ,302001601
보련산,충청북도 충주시 앙성면 ,431301201
보록산,경상남도 거창군  ,488806801
보리골,강원도 강릉시 주문진읍 ,421508004
보리산,강원도 정선군 화암면 ,427701601
보리수마을뒷산,강원도 양양군 현남면 ,428306104
보림산,강원도 동해시 천곡동 ,421702001
보문산,대전광역시 중구 산서동 ,301400301
보안산,강원도 정선군  ,427703301
보암산,경상남도 산청군  ,488602801
보양지산,강원도 정선군 임계면 ,427700104
보은산,전라남도 강진군 강진읍 ,468100801
보평산,전라남도 무안군 무안읍 ,468401501
보해산,경상남도 거창군 주상면 ,488802201
보현산,경상북도 청송군 현서면 ,477501701
복두봉,전라북도 진안군  ,457203201
복두산,강원도 삼척시 가곡면 ,422302601
복두산,경상북도 의성군 춘산면 ,477301501
복수근린공원,대전광역시 서구  ,301700904
복음산,전라북도 남원시  ,451901501
복주깨봉,강원도 인제군 인제읍 ,428105801
복주산,강원도 철원군 근남면 ,427800901
복호산,전라남도 고흥군 과역면 ,467701001
본신마을,경상북도 영덕군  ,477704104
본적산,강원도 태백시  ,421901201
본지오름,제주도 제주시  ,491105404
봉개민오름,제주도 제주시  ,491105504
봉곡동산,경상북도 구미시 도량동 ,471904301
봉대산,충청남도 보령시 주교면 ,441800901
봉대산,전라남도 무안군 현경면 ,468401701
봉대산,전라남도 영광군 홍농읍 ,468700801
봉대산쪽매골,전라남도 무안군  ,468403404
봉덕산,전라남도 영광군 염산면 ,468700901
봉덕산,경상북도 예천군 예천읍 ,479001101
봉두산,경기도 용인시처인구 고림동 ,414604101
봉두산,전라남도 순천시 황전면 ,461501301
봉두산,전라남도 고흥군 동강면 ,467701101
봉두산월용리,전라남도 순천시  ,461505004
봉두암산,경상북도 구미시 진미동 ,471901401
봉래산,부산광역시 영도구  ,262000101
봉래산,강원도 영월군 영월읍 ,427502201
봉래산,전라남도 고흥군  ,467703201
봉림산,광주광역시 북구 운암동 ,291701501
봉림산,경상남도 창원시의창구 봉곡동 ,481101801
봉명산,충청남도 예산군 봉산면 ,448101001
봉명산,경상남도 사천시  ,482400901
봉무공원,대구광역시 동구  ,271401604
봉미산,경기도 양평군 지제면 ,418302101
봉복산,강원도 횡성군 청일면 ,427301501
봉산,서울특별시 은평구  ,113801501
봉산,경상남도 거창군 웅양면 ,488804801
봉산리,강원도 정선군 임계면 ,427702604
봉서산,충청남도 천안시  ,441301301
봉수산,충청남도 예산군 대흥면 ,448101101
봉수산,충청남도 예산군  ,448102601
봉수산,전라남도 무안군 삼향면 ,468401801
봉수산,경상북도 영주시 평은면 ,472100701
봉수산숲길,충청남도 예산군  ,448102504
봉실산,전라북도 완주군  ,457101001
봉암산,충청남도 천안시  ,441304201
봉오리산,부산광역시 남구  ,262900701
봉의산,강원도 춘천시 소양동 ,421102301
봉정산,전라남도 화순군 남면 ,467902101
봉제산,서울특별시 강서구  ,115000401
봉천산,인천광역시 강화군  ,287100801
봉화군청뒷산,경상북도 봉화군 봉화읍 ,479204304
봉화대,경상남도 고성군 동해면 ,488203501
봉화별량,전라남도 순천시  ,461504404
봉화봉,강원도 인제군 북면 ,428102501
봉화봉,경상북도 포항시 가천면 ,471101801
봉화산,부산광역시 기장군  ,267100801
봉화산,경기도 화성시 우정면 ,415901101
봉화산,강원도 춘천시 북산면 ,421102401
봉화산,강원도 원주시 단계동 ,421301601
봉화산,강원도 홍천군 홍천읍 ,427203201
봉화산,강원도 양구군 남면 ,428000501
봉화산,충청북도 진천군 진천읍 ,437500801
봉화산,충청남도 보령시 남포면 ,441801001
봉화산,충청남도 홍성군 갈산면 ,448000801
봉화산,충청남도 당진군  ,448300701
봉화산,전라북도 남원시 아영면 ,451901601
봉화산,전라북도 장수군 천천면 ,457401201
봉화산,전라북도 장수군 번암면 ,457403301
봉화산,전라북도 장수군  ,457404001
봉화산,전라남도 여수시 화정면 ,461301601
봉화산,전라남도 여수시 묘도동 ,461303601
봉화산,전라남도 여수시 화양면 ,461303701
봉화산,전라남도 순천시 서면 ,461501401
봉화산,전라남도 보성군 득량면 ,467800801
봉화산,경상북도 칠곡군 기산면 ,478503901
봉화산,경상남도 마산회원구 회원2동 ,481100501
봉화산,경상남도 통영시 도산면 ,482201401
봉화산,경상남도 김해시 진영읍 ,482501801
봉화산계남,전라북도 장수군 장수읍 ,457403204
봉화산죽도봉,전라남도 순천시  ,461505101
봉황봉,충청남도 보령시 대천1동 ,441801101
봉황산,강원도 삼척시 정라동 ,422302801
봉황산,충청남도 공주시 웅진동 ,441501701
봉황산,충청남도 공주시  ,441506501
봉황산,전라북도 군산시 임피면 ,451302301
봉황산,전라남도 여수시 돌산읍 ,461301701
봉황산,전라남도 고흥군 고흥읍 ,467701201
봉황산,경상북도 상주시 화서면 ,472502001
부개산,인천광역시 부평구  ,282370201
부귀산,전라북도 진안군 부귀면 ,457201401
부금산,강원도 정선군 고한읍 ,427709101
부락산,경기도 평택시 지산동 ,412202401
부모산,충청북도 청주시흥덕구 강서1동 ,431102501
부산,충청북도 충주시 동량면 ,431301401
부쇠봉,경상북도 봉화군  ,479204901
부엉등산,경상남도 창녕군 고암면 ,487403501
부용봉,충청남도 연기군 금남면 ,447300901
부용봉,경상북도 영양군 입암면 ,477600801
부용산,경기도 의정부시 송산동 ,411500301
부용산,경기도 양평군 양서면 ,418302201
부용산,강원도 춘천시 북산면 ,421102501
부용산,충청북도 충주시 신니면 ,431305001
부용산,전라남도 장흥군 관산읍 ,468001101
부주산,전라남도 목포시 옥암동 ,461100201
부지산,경상남도 합천군 청덕면 ,488906901
부흥산,전라남도 목포시 옥암동 ,461100301
북돌아진오름,제주도 제주시  ,491102004
북망산,인천광역시 서구 가정1동 ,282600401
북면사무소뒷산,강원도 인제군 북면 ,428106304
북면사무소앞산,강원도 인제군 북면 ,428106404
북바위산,충청북도 제천시  ,431504801
북배산,경기도 가평군 북면 ,418202101
북봉산,경상북도 구미시 부곡동 ,471904401
북분리,강원도 양양군 현남면 ,428300204
북산,인천광역시 강화군  ,287102101
북산,전라남도 담양군 남면 ,467100901
북산,전라남도 진도군 진도읍 ,469001401
북산,경상남도 의령군  ,487205101
북성산,경기도 여주시 능서면 ,416701701
북악산,서울특별시 종로구 부암동 ,111100101
북오름,제주도 제주시  ,491105604
북정산,강원도 삼척시 교동 ,422309501
북종산,전라남도 영광군  ,468702201
북한산,서울특별시 서대문구  ,114100801
북한산_백운대,서울특별시 강북구 수유동 ,113050202
분성산,경상남도 김해시 북부동 ,482501901
분적산,광주광역시 동구 지원동 ,291101101
분지봉,경상남도 하동군  ,488500401
불갑산,전라남도 함평군 해보면 ,468600801
불갑산,전라남도 신안군  ,469105101
불곡산,경기도 광주시 오포읍 ,416101701
불곡산,경기도 양주시 유양동 ,416302301
불광근린공원,서울특별시 은평구  ,113800604
불광산,부산광역시 기장군  ,267101901
불광산,경상남도 양산시 삼호동 ,483302401
불기산,경기도 가평군 외서면 ,418202201
불당골산,강원도 정선군 사북읍 ,427702701
불당산,경기도 평택시 포승면 ,412201301
불령산,경상남도 거창군  ,488802401
불모산,경상남도 진해시 웅동1동 ,481900701
불암산,서울특별시 노원구 상계동 ,113500101
불암산,전라남도 광양시 다압면 ,462300901
불태산,전라남도 장성군 진원면 ,468801401
불화산,강원도 강릉시 강동면 ,421503501
불회사,전라남도 나주시 다도면 ,461703204
붉은오름,제주도 제주시  ,491100703
비계산,경상남도 거창군  ,488807901
비나봉,충청남도 논산시 연무읍 ,442301901
비래바위,강원도 화천군 상서면 ,427902904
비래산,전라남도 영암군  ,468302401
비룡산,경상북도 칠곡군 약목면 ,478501601
비룡산,경상남도 의령군 낙서면 ,487204501
비봉산,강원도 정선군 정선읍 ,427704601
비봉산,강원도 양구군  ,428000601
비봉산,강원도 인제군 인제읍 ,428100104
비봉산,충청북도 제천시 청풍면 ,431502301
비봉산,충청남도 청양군 비봉면 ,447901201
비봉산,전라남도 여수시 소라면 ,461301801
비봉산,전라남도 고흥군 포두면 ,467701301
비봉산,전라남도 고흥군  ,467703301
비봉산,전라남도 화순군 도곡면 ,467902201
비봉산,경상북도 구미시 선산읍 ,471901701
비봉산,경상북도 상주시 중동면 ,472502101
비봉산,경상북도 의성군 춘산면 ,477301801
비봉산,경상북도 의성군 다인면 ,477303601
비봉산,경상북도 봉화군 상운면 ,479202001
비봉산,경상남도 진주시 초장동 ,481701501
비상산성,충청북도 청주시  ,431105404
비슬산,대구광역시 달성군 가창면 ,277101501
비슬산권역,대구광역시 달서구  ,272900804
비음산,경상남도 창원시  ,481100601
비조봉,인천광역시 옹진군 덕적면 ,287200601
비파산,대전광역시 동구  ,301104301
비학산,충청남도 연기군 금남면 ,447301001
비학산,경상북도 포항시 신광면 ,471102001
비학산,경상남도 밀양시 산외면 ,482706501
빈계산,대전광역시 유성구 진잠동 ,302000901
빈네오름,제주도 제주시  ,491105704
뾔족산,충청북도 청주시청원구  ,431102601
뾰루봉,경기도 가평군 설악면 ,418204501
뾰족산,대전광역시 동구  ,301100901
사갓봉,강원도 영월군 수주면 ,427502501
사곡계실,충청남도 공주시  ,441504204
사금산,강원도 삼척시 원덕읍 ,422303101
사두봉,전라북도 장수군 반암면 ,457401601
사라봉,제주도 제주시 건입동 ,491100801
사랑산,충청북도 괴산군  ,437603601
사려니숲길,제주도 제주시  ,491101204
사룡산,경상북도 영천시 북안면 ,472301601
사마산,충청남도 공주시 우성면 ,441501801
사명산,강원도 양구군 양구읍 ,428000701
사명산,경상남도 김해시 생림면 ,482505301
사별산,경상남도 거창군  ,488806901
사실골산,강원도 정선군  ,427705401
사우당앞산,대전광역시 동구  ,301104404
사월산,광주광역시 서구 서창동 ,291400401
사월초뒷산,대구광역시 수성구  ,272601604
사자목이산,강원도 정선군 임계면 ,427702801
사자산,전라남도 보성군 웅치면 ,467802701
사자산,전라남도 장흥군  ,468001801
사패산,경기도 양주시 장흥면 ,416301201
산내주공아파트뒷산,대전광역시 동구  ,301102604
산내초교뒷산,대전광역시 동구  ,301102704
산방산,경상남도 거제시 둔덕면 ,483103001
산방산,제주도 서귀포시 안덕면 ,491301601
산성산,부산광역시 기장군  ,267102001
산성산,대구광역시 남구 봉덕2동 ,272000201
산성산,경상남도 밀양시 내일동 ,482702501
산성산,경상남도 의령군 궁류면 ,487202501
산성산,경상남도 의령군 지정면 ,487205401
산성산,경상남도 합천군 삼가면 ,488907001
산세미오름,제주도 제주시  ,491101304
산장산,대전광역시 유성구  ,302001701
산정산,전라남도 목포시 산정동 ,461100401
삼각산,전라남도 영광군 군남면 ,468701101
삼각산,전라남도 신안군 임자면 ,469102401
삼각산,경상남도 거제시 덕포동 ,483106701
삼년산성,충청북도 보은군  ,437202504
삼동산,경상북도 봉화군  ,479205301
삼락산,경상북도 경산시 자인면 ,472901001
삼매봉,제주도 서귀포시 천지동 ,491301701
삼문산,전라남도 완도군 약산면 ,468901301
삼발랭산,충청북도 증평군  ,437450401
삼방산,강원도 태백시 구문소동 ,421901301
삼방산,강원도 평창군 평창읍 ,427603101
삼보산,충청북도 청주시  ,431105501
삼보산,충청북도 증평군  ,437450201
삼봉산,경기도 화성시 봉담읍 ,415901201
삼봉산,경기도 화성시  ,415904101
삼봉산,충청북도 청주시청원구  ,431105601
삼봉산,충청북도 제천시 백운면 ,431502401
삼봉산,충청북도 영동군 영동읍 ,437402301
삼봉산,충청남도 아산시 탕정면 ,442002001
삼봉산,전라북도 남원시 산내면 ,451902001
삼봉산,전라남도 광양시 진월면 ,462301101
삼봉산,경상북도 상주시 낙동면 ,472502201
삼봉산,경상남도 통영시 용남면 ,482201501
삼봉산,경상남도 거창군 고제면 ,488802701
삼산삼림욕장,경상북도 성주군  ,478402704
삼선산,충청남도 당진군  ,448300801
삼성산,경기도 안양시만안구 석수1동 ,411700101
삼성산,충청북도 옥천군  ,437301201
삼성산,경상북도 영천시 고경면 ,472301801
삼성산,경상북도 경산시 남산면 ,472901101
삼수령,강원도 태백시  ,421903404
삼악산,강원도 춘천시 서면 ,421102701
삼암봉,전라남도 신안군 지도읍 ,469102501
삼의오름,제주도 제주시  ,491102104
삼인산,전라남도 담양군 대전면 ,467102301
삼정대산,경기도 평택시 오성면 ,412202501
삼정산,대전광역시 동구  ,301106001
삼정산,경상남도 함양군 마천면 ,488703601
삼정산성,대전광역시 동구  ,301104504
삼준산,충청남도 홍성군 갈산면 ,448001101
삼천공원,전라북도 전주시  ,451103504
삼청리뒷산,경상북도 칠곡군 왜관읍 ,478500104
삼태봉,충청남도 공주시  ,441506601
삼태산,충청북도 단양군 어상천면 ,438001201
삼학도,전라남도 목포시 삼학동 ,461100501
삼학산,경상북도 포항시북구 학산동 ,471105101
삼현리,강원도 홍천군 동면 ,427206904
삼형제봉,강원도 양양군 현남면 ,428302001
삼형제샛오름,제주도 제주시  ,491100803
삼호산,울산광역시 남구 옥동 ,311400201
삽존리,강원도 양양군 손양면 ,428306204
삿갓봉,경기도 여주시 강천면 ,416701801
삿갓봉,강원도 춘천시 사북면 ,421102801
삿갓봉,강원도 강릉시 옥계면 ,421507201
삿갓봉,강원도 태백시 하사미동 ,421902601
삿갓봉,전라북도 장수군 천천면 ,457403401
상가임도숲길,제주도 제주시  ,491102303
상광정리,강원도 양양군 현북면 ,428306304
상금리,전라북도 고창군  ,457903104
상남리,강원도 인제군 상남면 ,428106804
상당산성자연휴양림,충청북도 청주시청원구  ,431105704
상리공원,대구광역시 서구  ,271700104
상리리동산,경상북도 의성군 의성읍 ,477303404
상봉산,충청남도 천안시  ,441303701
상봉산,전라남도 무안군 무안읍 ,468401901
상산,전라북도 남원시 인월면 ,451902301
상산,전라남도 고흥군 동일면 ,467701501
상산,전라남도 완도군 신지면 ,468901401
상소동산림욕장,대전광역시 동구  ,301104604
상소산,전라북도 부안군 행안면 ,458001201
상아산,인천광역시 남동구 장수동 ,282000401
상양혈리,강원도 양양군 손양면 ,428306404
상왕명덕산,충청남도 공주시  ,441506701
상운면사무소앞산,경상북도 봉화군  ,479205904
상운산,경상북도 청도군 운문면 ,478203901
상원산,강원도 정선군 북면 ,427704801
상은적산,전라남도 영암군 학산면 ,468300801
상정바위,강원도 정선군 북평면 ,427708404
상정봉,강원도 정선군 북평면 ,427700204
상주산,인천광역시 강화군  ,287100901
상하수내리봉,강원도 인제군  ,428107601
상학봉,충청북도 보은군 회인면 ,437202601
상해봉,강원도 철원군 서면 ,427801201
상황봉,전라남도 완도군 군외면 ,468901501
새깃대봉,전라남도 순천시 석현동 ,461505201
새덕산,강원도 춘천시 남산면 ,421102901
새동네뒷산,대전광역시 동구  ,301104704
새득이봉,강원도 홍천군  ,427207401
새리골,강원도 정선군 북평면 ,427703104
새바지산,울산광역시 북구 어물동 ,312000501
새방골산,경상남도 창원시성산구 적현동 ,481102001
새별오름,제주도 제주시  ,491101404
새봉,강원도 강릉시 성산면 ,421503701
새신오름,제주도 제주시  ,491101504
새암산,경상남도 함양군 수동면 ,488702301
샘봉산,충청북도 청주시상당구 문의면 ,431103001
생기악,제주도 제주시  ,491105804
서당산,전라남도 화순군  ,467904101
서당산,전라남도 화순군  ,467904501
서당산,전라남도 신안군  ,469105001
서대산,충청남도 금산군 군북면 ,447101401
서대산,충청남도 연기군 금남면 ,447301101
서독산,경기도 광명시 가학동 ,412100401
서룡산,전라북도 남원시  ,451904201
서리산,경기도 가평군 상면 ,418202301
서림산,충청남도 천안시 동면 ,441301601
서망봉,전라남도 완도군  ,468902001
서방산,전라북도 완주군  ,457101301
서북산,경상남도 창원시마산합포구 진북면 ,481101201
서산,전라남도 광양시 광양읍 ,462301201
서산,경상북도 상주시 청리면 ,472502301
서수모루,제주도 제주시  ,491105904
서오릉,서울특별시 은평구  ,113801404
서우봉,제주도 제주시 조천읍 ,491101101
서운산,경기도 안성시 금광면 ,415501901
서원산,충청남도 예산군 덕산면 ,448101301
서재골,경상남도 의령군  ,487205204
서학산,경기도 화성시  ,415904201
서화산,강원도 화천군 화천읍 ,427903001
석가산,경상남도 합천군 봉산면 ,488907101
석갑산,경상남도 진주시 평거동 ,481703401
석기봉,전라북도 무주군  ,457301601
석대산,경상남도 산청군 단성면 ,488603401
석두산,강원도 평창군 진부면 ,427603301
석름봉,경상남도 거제시 연초면 ,483106801
석문산,충청남도 당진군  ,448300901
석병산,강원도 강릉시 옥계면 ,421503901
석봉,충청남도 청양군 청남면 ,447901301
석성산,경기도 용인시 포곡면 ,414602201
석용산,경기도 가평군 북면 ,418202401
석천산,경상남도 의령군  ,487204701
석천산,경상남도 창녕군 도천면 ,487401801
석현공원뒷산,강원도 철원군  ,427803004
석호산,전라남도 보성군 미력면 ,467800901
석화산,인천광역시 중구 영종동 ,281100201
선각산,전라북도 진안군  ,457201501
선달산,강원도 영월군 하동면 ,427503001
선달산,경상북도 봉화군  ,479205001
선도산,충청북도 청주시상당구 낭성면 ,431103101
선두산,충청북도 청주시상당구 낭성면 ,431103201
선바위산,강원도 영월군  ,427503101
선방산,경상북도 군위군 군위읍 ,477201101
선석산,경상북도 성주군 월항면 ,478401001
선소오름,제주도 제주시  ,491102204
선야봉,충청남도 금산군 남이면 ,447101501
선왕산,전라남도 신안군  ,469104701
선운산_도솔봉,전라북도 고창군  ,457901001
선유산,경상남도 고성군 영오면 ,488204101
선의산,경상북도 청도군 매전면 ,478201801
선자산,경상남도 거제시 신현읍 ,483103501
선학산,경상남도 진주시 하대동 ,481701701
선학산,경상남도 진주시  ,481703501
선황산,전라남도 영암군  ,468302501
설림산,전라북도 군산시  ,451302401
설봉산,경기도 이천시 관고동 ,415001701
설산,전라남도 곡성군 옥과면 ,467201101
설악산_대청봉,강원도 양양군 강현면 ,428302602
설오름,제주도 제주시  ,491106004
설화산,충청남도 아산시 온주동 ,442002101
섭지코지,제주도 서귀포시  ,491302704
섯알오름,제주도 제주시  ,491106104
성거산,충청남도 천안시 성거읍 ,441301701
성곡산,경상북도 안동시 송천면 ,471705801
성관사뒷길,경기도 남양주시  ,413603004
성내삿갓봉,강원도 삼척시  ,422309601
성동산,충청남도 당진군  ,448301501
성령산,경상남도 거창군 북상면 ,488802801
성묘산,전라남도 영암군 군서면 ,468300901
성무봉,충청북도 청주시상당구  ,431105801
성미산,전라북도 순창군 구림면 ,457701501
성미산,전라남도 장성군 북이면 ,468801501
성봉,충청남도 금산군  ,447101601
성불산,충청북도 괴산군 괴산읍 ,437601501
성불오름,제주도 제주시  ,491100903
성산,충청북도 제천시 화산동 ,431502501
성산,충청남도 천안시 성환읍 ,441301801
성산,전라남도 영광군 영광읍 ,468701201
성산일출봉,제주도 서귀포시 성산읍 ,491301801
성수리,강원도 홍천군 동면 ,427207004
성수산,전라북도 진안군 성수면 ,457201801
성수산,전라북도 장수군 천천면 ,457401701
성수산,전라북도 임실군 성수면 ,457501401
성암산,대구광역시 수성구 고산1동 ,272600501
성재,충청남도 서천군  ,447702504
성재산,충청북도 청주시청원구 북이면 ,431103301
성정산,충청남도 공주시 이인면 ,441501901
성주봉,경상북도 상주시 은척면 ,472504701
성주산,경기도 부천시소사구 심곡본동 ,411900401
성주산,충청남도 보령시 대천3동 ,441801201
성지봉,경기도 양평군  ,418304901
성지산,경상남도 고성군 대가면 ,488204301
성진이오름,제주도 제주시  ,491101003
성치산,대전광역시 대덕구 신탄진동 ,302300601
성치산,강원도 홍천군  ,427207501
성치산,전라북도 진안군 주천면 ,457201901
성태산,충청남도 부여군 외산면 ,447602301
성화산,충청남도 공주시 계룡면 ,441502001
성황산,전라북도 정읍시 태인면 ,451801601
성흥산,충청남도 부여군 임천면 ,447602401
세걸산,전라북도 남원군 운봉읍 ,451904001
세미소은총의동산,제주도 제주시  ,491102304
세미오름,제주도 제주시  ,491100204
세성산,충청남도 천안시 성남면 ,441301901
세정사,경기도 남양주시  ,413603604
소곡산,경상남도 고성군 개천면 ,488204401
소공대비,강원도 삼척시 원덕읍 ,422309704
소구니산,경기도 가평군 설악면 ,418202501
소금강산,경상북도 경주시 용강동 ,471303501
소남산,경기도 화성시 장안면 ,415901401
소당산,경기도 용인시처인구 포곡읍 ,414604201
소똥령,강원도 고성군 간성읍 ,428203804
소래산,인천광역시 남동구 장수동 ,282000501
소룡산,경상남도 거창군  ,488806001
소리산,경기도 화성시 향남면 ,415903701
소리산,경기도 양평군 단월면 ,418302601
소미산,전라남도 여수시 돌산읍 ,461301901
소백산_비로봉,충청북도 단양군 가곡면 ,438001301
소뿔산,강원도 인제군 남면 ,428103101
소산오름,제주도 제주시  ,491101503
소산오름,제주도 제주시  ,491106204
소소름,제주도 제주시  ,491106304
소수리산,충청북도 괴산군  ,437603701
소수산봉,제주도 서귀포시 성산읍 ,491302101
소요산,경기도 동두천시 소요동 ,412500201
소요산,전라북도 고창군  ,457903201
소이작도큰산,인천광역시 옹진군 북도면 ,287201401
소재골,강원도 인제군 북면 ,428105904
소주봉,강원도 춘천시 남면 ,421105601
소치마을뒷산,강원도 인제군 남면 ,428106004
소팽이산책로,경상남도 고성군  ,488207304
소학산,경상북도 칠곡군 지천면 ,478502101
소학산,경상남도 합천군 율곡면 ,488907201
속금산,전라남도 함평군 학교면 ,468600901
속리산_천황봉,충청북도 보은군 내속리면 ,437201201
속리산둘레길,충청북도 보은군  ,437200103
손지오름,제주도 제주시  ,491106404
솔봉,전라남도 구례군  ,467301901
송계리,강원도 정선군 임계면 ,427700304
송공산,전라남도 신안군 압해읍 ,469103001
송내산,강원도 태백시 장성동 ,421903301
송라산,경기도 남양주시 화도읍 ,413600901
송림산,전라북도 고창군 상하면 ,457901201
송비산,경상남도 사천시 곤명면 ,482401201
송산,인천광역시 중구  ,281100601
송악산,충청남도 당진군  ,448301001
송의산,경상남도 산청군 오부면 ,488603701
송정동산,경상북도 구미시 광평동 ,471904501
송정자연휴양림,경상북도 칠곡군 석적읍 ,478504004
송포약수터,강원도 고성군  ,428204204
송학산,충청북도 제천시 송학면 ,431502701
송학산,충청남도 연기군 전동면 ,447301201
송학정,강원도 인제군  ,428106904
송현1리뒷산,충청남도 태안군 소원면 ,448252404
송현리,강원도 강릉시 임계면 ,421500304
송화산,경상북도 경주시 충효동 ,471305801
쇠기오름,제주도 제주시  ,491106504
수덕산,경기도 가평군 북면 ,418202601
수덕산,전라남도 순천시 별량면 ,461501501
수덕산,전라남도 고흥군 도화면 ,467701601
수도산,충청남도 천안시  ,441304001
수도산,경상북도 포항시 우창동 ,471102301
수도산,경상남도 거창군  ,488808001
수락산,서울특별시 노원구 상계동 ,113500201
수레의산,충청북도 음성군 생극면 ,437703001
수리봉,강원도 춘천시 동내면 ,421103101
수리봉,강원도 정선군 신동읍 ,427703401
수리봉,강원도 인제군 인제읍 ,428100203
수리봉,강원도 인제군 남면 ,428106101
수리산,경기도 안양시만안구 안양3동 ,411700301
수리산,강원도 양양군  ,428307701
수명산,서울특별시 강서구  ,115000701
수문산,전라남도 여수시  ,461303301
수박등,광주광역시 남구  ,291551404
수북산,충청북도 옥천군  ,437302901
수산봉,전라남도 함평군  ,468601601
수산봉,제주도 제주시 애월읍 ,491101301
수선산,경상북도 상주시 낙동면 ,472504801
수성못뒷산,대구광역시 수성구  ,272601304
수악,제주도 제주시  ,491106604
수암산,충청남도 예산군 삽교읍 ,448101401
수양산,전라남도 담양군 대덕면 ,467101001
수양산,경상남도 산청군 시천면 ,488603801
수월봉,제주도 제주시 한경면 ,491101401
수인산,전라남도 장흥군  ,468001901
수인산,전라남도 강진군 병영면 ,468101701
수정리야산,경상남도 창원시마산합포구 구산면 ,481101304
수정봉,경상남도 거제시 일운면 ,483106901
수정산,경기도 용인시 백암면 ,414602401
수정산,강원도 평창군 평창읍 ,427603601
수종사,경기도 남양주시  ,413603704
수중동산,서울특별시 관악구  ,116200501
수질환경사업소뒷편,강원도 속초시 대포동 ,422100704
수청동,강원도 강릉시 연곡면 ,421508104
수타리봉,충청북도 청주시흥덕구 강내면 ,431103401
수태산,경상남도 고성군 하일면 ,488204701
수패봉,강원도 정선군  ,427708701
수하청소년수련원뒷산,경상북도 영양군 수비면 ,477601704
숙성산,경상남도 거창군 가조면 ,488803001
숙지산,강원도 태백시  ,421902701
숙호산,경상남도 진주시  ,481701901
순사이산,경상북도 구미시 도개면 ,471904601
숭림산,전라북도 익산시  ,451400501
숲데미산,경상북도 칠곡군  ,478504301
숲뒤산,강원도 삼척시  ,422302904
숲뒤산,강원도 삼척시 하장면 ,422304201
숲솔나들이길,경상남도 창원시  ,481100204
쉰음산,강원도 삼척시 미로면 ,422304401
스무골,강원도 정선군 북평면 ,427700404
승달산,전라남도 무안군 청계면 ,468402101
승무산,경상북도 상주시  ,472502901
승봉산,전라남도 신안군 암태면 ,469103101
승비산,경상남도 합천군 대양면 ,488904401
승안산,경상남도 함양군 수동면 ,488702401
승학산,인천광역시 남구  ,281700201
시궁산,경기도 용인시 이동면 ,414602501
시대산,전라북도 익산시  ,451400801
시랑산,충청북도 제천시 백운면 ,431503001
시래산,경상남도 거제시 둔덕면 ,483103901
시루봉,대전광역시 동구 대청동 ,301101101
시루봉,충청남도 청양군 남양면 ,447901401
시루봉,경상북도 문경시 문경읍 ,472802101
시루봉,경상북도 봉화군  ,479205401
시루산,강원도 영월군 북면 ,427503301
시모산,충청남도 공주시 의당면 ,441502201
시목해수욕장숲길,전라남도 신안군  ,469100303
시묘산,경상북도 칠곡군  ,478502401
시어산,전라북도 부안군 행안면 ,458001501
식산,경상북도 상주시  ,472503101
식장산,대전광역시 동구 대청동 ,301101201
식장산둘레길,대전광역시 동구  ,301100103
신기산,강원도 정선군 사북읍 ,427704001
신기산성,경상남도 양산시 신기동 ,483302604
신덕산,경상남도 의령군 유곡면 ,487204601
신동읍야산,강원도 정선군 신동읍 ,427704104
신무산,전라북도 장수군 장수읍 ,457402301
신반앞산,경상남도 의령군  ,487205304
신병산,강원도 정선군 신동읍 ,427704201
신봉산,경상남도 통영시 산양읍 ,482203001
신불산,울산광역시 울주군 삼남면 ,317102401
신사근린공원,서울특별시 은평구  ,113801104
신선봉,강원도 고성군 토성면 ,428201701
신선봉,전라북도 완주군  ,457103801
신선산,울산광역시 남구 선암동 ,311400301
신선산솔마루길,울산광역시 남구  ,311400103
신선약수터,강원도 삼척시 노곡면 ,422309804
신성봉,대전광역시 동구  ,301102001
신성봉,충청북도 괴산군  ,437603801
신어산,경상남도 김해시 삼안동 ,482502701
신탄진정수장산림공원,대전광역시 대덕구  ,302301104
신평리산책로,강원도 고성군 토성면 ,428200104
심리산,경기도 고양시덕양구 관산동 ,412801201
심재산,강원도 동해시 귀운동 ,421702101
심척리마을뒷산,강원도 인제군  ,428107004
십리봉,충청남도 공주시  ,441506801
쌍교봉,전라북도 진안군  ,457203301
쌍문동공원,서울특별시 도봉구  ,113200104
쌍용산,경기도 용인시처인구 원삼면 ,414604301
쓰레산,경기도 용인시 백암면 ,414602701
아가봉,경기도 가평군 상면 ,418204801
아기산,경상북도 안동시 임동면 ,471702401
아미산,부산광역시 사하구  ,263800601
아미산,강원도 홍천군 서석면 ,427204601
아미산,강원도 인제군  ,428103601
아미산,충청남도 보령시 미산면 ,441801301
아미산,충청남도 연기군  ,447302301
아미산,충청남도 당진군  ,448301101
아미산,전라북도 순창군 순창읍 ,457701801
아양산,전라북도 정읍시  ,451801801
아차산,서울특별시 광진구 중곡동 ,112150201
아트홀,경상북도 포항시남구 지곡동 ,471104304
아홉산,부산광역시 기장군  ,267101101
아홉산,경상남도 거창군  ,488803101
아홉산둘레길,부산광역시 기장군  ,267100103
악견산,경상남도 합천군 대병면 ,488904501
악희봉,충청북도 괴산군  ,437603501
안개산,강원도 삼척시 노곡면 ,422304701
안기산,경상북도 안동시 안기동 ,471705901
안덕중학교뒷산,경상북도 청송군  ,477503004
안돌오름,제주도 제주시  ,491106704
안락산,충청남도 예산군 예산읍 ,448102101
안마산,강원도 춘천시 신동면 ,421103301
안봉산,경상북도 청송군 현서면 ,477502701
안산,서울특별시 서대문구 홍제제2동 ,114100301
안산,대구광역시 수성구 고산1동 ,272600601
안세미,제주도 제주시  ,491106804
안수산,전라북도 완주군 고산면 ,457101801
안심산,전라남도 여수시 화정면 ,461302101
안양산,전라남도 화순군 화순읍 ,467902501
안장산,전라남도 목포시 용해동 ,461100601
안천이오름,제주도 제주시  ,491101103
안평산,충청남도 금산군 복수면 ,447102001
안흘리길,강원도 고성군 간성읍 ,428203904
알오름,제주도 제주시  ,491102403
알진오름,제주도 제주시  ,491106904
알프스태극종주,경상남도 양산시  ,483300104
알프스환종주,경상남도 양산시  ,483300204
앞메산,인천광역시 계양구  ,282450101
앞산,대구광역시 남구 대명9동 ,272000301
앞오름,제주도 제주시  ,491107004
애막골,강원도 춘천시  ,421105804
앵무산,전라남도 순천시 해룡면 ,461501801
앵봉산,충청남도 청양군 청남면 ,447901501
앵산,경상남도 거제시 연초면 ,483104201
야훼동산,경상남도 김해시 한림면 ,482505001
약산,대구광역시 달성군  ,277104201
약산,인천광역시 남동구 간석동 ,282001301
약산,충청남도 공주시 우성면 ,441502301
약산,경상북도 안동시 길안면 ,471702701
약수봉,강원도 홍천군  ,427204701
약수숲길,강원도 인제군  ,428100503
양각산,충청남도 보령시 미산면 ,441801501
양각산,충청남도 금산군 부리면 ,447102101
양각산,경상남도 거창군 웅양면 ,488803201
양달산,부산광역시 기장군  ,267102101
양로봉,인천광역시 옹진군 영흥면 ,287200901
양산봉,경기도 오산시 세마동 ,413700701
양성산,충청북도 청주시상당구 문의면 ,431103701
양을산,전라남도 목포시 용해동 ,461100701
양자산,경기도 양평군 강하면 ,418302701
양정앞산,대전광역시 동구  ,301104804
양천산,충청북도 진천군 문백면 ,437501101
양학산,경상북도 포항시북구 득량동 ,471104801
어답산,강원도 횡성군 갑천면 ,427302301
어도오름,제주도 제주시  ,491101604
어등산,광주광역시 광산구 임곡동 ,292000601
어로리등산로,경상북도 칠곡군 북산읍 ,478504104
어룡산,경상북도 문경시 신평동 ,472802401
어림산,경상북도 경주시 안강읍 ,471304001
어비산,경기도 양평군  ,418302901
어성산,충청남도 서천군 화양면 ,447701101
어성전,강원도 양양군 현북면 ,428306504
어성전리,강원도 양양군 현북면 ,428306604
어수산,전라남도 함평군 나산면 ,468601001
어음성산,강원도 철원군 갈말읍 ,427802301
어점이,제주도 제주시  ,491107104
억불봉,전라남도 광양시 진상면 ,462301301
억불산,전라남도 장흥군 안양면 ,468001401
억산,경상남도 밀양시 산내면 ,482706101
언애바위산,대전광역시 동구  ,301104901
엄혜산,경상남도 산청군 단성면 ,488604101
여계산,경기도 오산시 세마동 ,413700801
여계산,전라남도 강진군 대구면 ,468102001
여귀산,전라남도 진도군 임회면 ,469001601
여분산,전라북도 순창군 구림면 ,457701901
여쩌리,제주도 제주시  ,491107204
여치산,경기도 화성시 송산면 ,415903901
여항산,경상남도 통영시 중앙동 ,482201701
여항산,경상남도 함안군 함안면 ,487301501
역촌근린공원,서울특별시 은평구  ,113800704
연내골,강원도 양양군  ,428307504
연대봉,부산광역시 기장군  ,267101201
연모리산,충청남도 서천군  ,447702601
연미산,충청남도 공주시 신관동 ,441502401
연봉산,경상북도 구미시 옥계동 ,471904701
연석산,전라북도 완주군  ,457102001
연암산,충청남도 서산시 고북면 ,442101901
연인산,경기도 가평군  ,418202901
연점산,경상북도 청송군 안덕면 ,477502101
연징산,전라남도 무안군 무안읍 ,468402301
연추골계곡,강원도 삼척시 미로면 ,422309904
연호산,대구광역시 수성구  ,272601401
연화봉,강원도 태백시 동점동 ,421903701
연화산,강원도 태백시 황연동 ,421901801
연화산,경상남도 고성군 개천면 ,488205101
연화산,경상남도 함양군 수동면 ,488702501
연화산투구봉,강원도 태백시  ,421903801
열안지오름,제주도 제주시  ,491102503
열안지오름,제주도 제주시  ,491107304
열왕산,경상남도 밀양시 청도면 ,482703101
염수봉,경상남도 양산시 원동면 ,483301201
염창산,서울특별시 강서구  ,115000801
염포산,울산광역시 동구 전하1동 ,311700401
영경묘,강원도 삼척시 미로면 ,422300204
영남산,경상북도 안동시 상아동 ,471706001
영남알프스둘레길,울산광역시 울주군  ,317100104
영문산,경기도 용인시처인구 유방동 ,414604401
영병산,전라북도 군산시 옥구읍 ,451302601
영암산,경상북도 성주군 초전면 ,478401801
영은사뒷산,강원도 삼척시  ,422302104
영인산,충청남도 아산시 염치읍 ,442002401
영장산,경기도 성남시  ,411300101
영주산,제주도 서귀포시 표선면 ,491302601
영천악,제주도 서귀포시 상효동 ,491303001
영축산,울산광역시 남구  ,311401001
영축산,경상남도 양산시 하북면 ,483301301
영축산,경상남도 창녕군  ,487404001
영취산,전라남도 여수시 중흥동 ,461303201
영취산,경상북도 성주군 선남면 ,478401901
영태산,전라북도 장수군 산서면 ,457403501
예봉산,경기도 남양주시 조안면 ,413601201
예성산,전라남도 화순군 청풍면 ,467902701
예촌망,제주도 제주시  ,491107404
오갑산,경기도 여주시 점동면 ,416702701
오갑산,충청북도 음성군  ,437702801
오계치깃대봉,전라북도 장수군  ,457403701
오곡3555,충청남도 공주시  ,441506904
오구시오름,제주도 제주시  ,491107504
오대산,충청남도 금산군 진산면 ,447102201
오대산_노인봉,강원도 강릉시 왕산면 ,421504602
오두산,울산광역시 울주군 상북면 ,317104601
오두산,경상남도 거창군 위천면 ,488803401
오두재,전라남도 함평군  ,468601704
오드싱오름,제주도 제주시  ,491107604
오량산,대전광역시 서구  ,301701001
오로산,강원도 영월군 쌍용출장소 ,427503801
오룡산,강원도 홍천군 홍천읍 ,427204901
오룡산,전라남도 무안군 삼향읍 ,468402401
오리골,대전광역시 동구  ,301105004
오봉산,인천광역시 남동구 논현동 ,282000601
오봉산,대전광역시 유성구 구즉동 ,302001101
오봉산,경기도 평택시 오성면 ,412201701
오봉산,경기도 의왕시 고천동 ,414300701
오봉산,강원도 춘천시 북산면 ,421103801
오봉산,강원도 강릉시 성산면 ,421507101
오봉산,강원도 삼척시 도계읍 ,422305201
오봉산,충청남도 연기군 서면 ,447301401
오봉산,충청남도 청양군 화성면 ,447901601
오봉산,전라북도 전주시  ,451103201
오봉산,전라북도 완주군 구이면 ,457102201
오봉산,전라북도 임실군 운암면 ,457501901
오봉산,전라남도 순천시 별량면 ,461501901
오봉산,전라남도 보성군 득량면 ,467801001
오봉산,전라남도 보성군 득량면 ,467802301
오봉산,전라남도 진도군 임회면 ,469001801
오봉산,경상북도 경주시 건천읍 ,471304301
오봉산,경상북도 상주시 함창읍 ,472503201
오봉산,경상남도 양산시 강서동 ,483301501
오봉산,경상남도 함안군 군북면 ,487301601
오산,충청남도 연기군 남면 ,447301501
오산,전라남도 구례군 문척면 ,467301201
오서산,충청남도 보령시  ,441801701
오서산성동,충청남도 보령시  ,441803404
오서산이봉걸골,충청남도 청양군  ,447902404
오석산,충청남도 서천군 서천읍 ,447701201
오성산,전라북도 군산시 나포면 ,451302701
오성산,전라남도 순천시 주암면 ,461502001
오식도산,전라북도 군산시  ,451304901
오십천산책로,강원도 삼척시 남양동 ,422300304
오얏골,강원도 고성군  ,428204504
오음산,강원도 홍천군 동면 ,427205201
오정산,경상북도 문경시 호계면 ,472802701
오태동산,경상북도 구미시 오태동 ,471904801
옥계리야산,경상남도 창원시마산합포구 구산면 ,481101404
옥교산,경상남도 밀양시 상동면 ,482703301
옥녀봉,부산광역시 사하구 감천동 ,263800401
옥녀봉,강원도 평창군 도암면 ,427603801
옥녀봉,충청남도 공주시  ,441507001
옥녀봉,충청남도 보령시 미산면 ,441801801
옥녀봉,충청남도 서천군 서면 ,447701301
옥녀봉,전라북도 완주군 화산면 ,457102301
옥녀봉,전라북도 진안군 정천면 ,457202101
옥녀봉,경상북도 포항시 연일읍 ,471102801
옥녀봉,경상북도 봉화군 상운면 ,479202401
옥녀봉,경상남도 창원시마산합포구 구산면 ,481101501
옥녀봉,경상남도 거제시 하청면 ,483104301
옥녀봉,경상남도 거제시 사등면 ,483107001
옥녀봉,경상남도 거제시 하청면 ,483107101
옥녀봉,경상남도 의령군 유곡면 ,487203001
옥녀산,전라남도 순천시 주암면 ,461502101
옥녀산,전라남도 순천시 송광면 ,461504001
옥녀암,경상북도 포항시북구  ,471105604
옥마산,충청남도 보령시 남포면 ,441801901
옥봉산,부산광역시 동래구  ,262600701
옥산,경기도 양평군  ,418303001
옥성리뒷산,경상북도 포항시북구  ,471105304
옥순봉구담봉,충청북도 제천시  ,431504901
옥실골산,강원도 정선군 사북읍 ,427704301
옥화자연휴양림,충청북도 청주시상당구  ,431106204
온의등산로,강원도 춘천시 온의동 ,421105904
옹성산,전라남도 화순군 동복면 ,467902901
와룡산,대구광역시 달성군 다사면 ,277102301
와룡산,경상북도 안동시 와룡면 ,471703401
와룡산,경상남도 사천시 남양동 ,482401401
와룡산무학사,대구광역시 서구  ,271700204
와리산,강원도 양양군 손양면 ,428306701
와수리,강원도 철원군 서면 ,427802404
와야봉,경상남도 거제시 연초면 ,483107601
와우산,강원도 삼척시 교동 ,422305601
와우산,충청남도 공주시  ,441507101
완산공원,전라북도 전주시  ,451102904
완택산,강원도 영월군 영월읍 ,427503901
왕가산,대전광역시 유성구 온천1동 ,302001201
왕개산,충청남도 서천군 한산면 ,447701401
왕두산,경상북도 봉화군 춘양면 ,479202701
왕령산,경상남도 창녕군 고암면 ,487402301
왕모산,경상북도 안동시  ,471703501
왕방산,경기도 포천시 포천읍 ,416502401
왕산,경상남도 산청군 금서면 ,488604401
왕의산,경상북도 문경시 산양면 ,472802901
왕이메,제주도 제주시  ,491107704
왕이산,전라남도 순천시  ,461504101
왕재산,강원도 정선군 북면 ,427706301
왕제산,강원도 강릉시 성산면 ,421504701
왕조산,경상남도 거제시 남부면 ,483107201
왕치산,강원도 정선군 임계면 ,427706401
외솔봉,강원도 양양군 손양면 ,428306801
용강산,전라북도 진안군  ,457202201
용날등,대전광역시 동구  ,301105104
용눈이오름,제주도 제주시  ,491107804
용달산,충청남도 서천군  ,447702701
용두산,충청북도 제천시 송학면 ,431503401
용두산,전라남도 장흥군 장동면 ,468001601
용두산,경상북도 안동시 도산면 ,471703701
용두산,경상남도 마산시 구산면 ,481502001
용두산,경상남도 김해시 장유면 ,482503001
용마산,서울특별시 중랑구 면목제4동 ,112600501
용마산,경상남도 마산시 산호1동 ,481502101
용뫼산,경기도 용인시기흥구 상하동 ,414604901
용문산,경기도 양평군 용문면 ,418303101
용산,광주광역시 북구 동림동 ,291701601
용산,충청남도 공주시 신풍면 ,441502501
용산,경상북도 포항시 청하면 ,471103001
용산,경상남도 김해시 상동면 ,482503101
용산산성,경상북도 경산시  ,472901504
용소골,강원도 강릉시 주문진읍 ,421500103
용소봉,충청북도 영동군 학산면 ,437402901
용소봉,경상북도 칠곡군  ,478504401
용암리산책로,강원도 고성군  ,428200304
용암봉,경상남도 밀양시 상동면 ,482703501
용암산,대구광역시 동구 도동 ,271400901
용암산,경기도 남양주시 진접읍 ,413601401
용암산,전라남도 화순군 이양면 ,467903001
용암산,경상남도 밀양시 산외면 ,482703601
용암산,경상남도 고성군 개천면 ,488205501
용암산등산로,강원도 삼척시 원덕읍 ,422300404
용요산,전라북도 임실군 임실읍 ,457502201
용우이산,강원도 태백시  ,421903901
용인등봉,강원도 삼척시  ,422306101
용장산,전라남도 진도군  ,469002401
용진산,광주광역시 광산구 임곡동 ,292000701
용천리산,강원도 양양군 서면 ,428306901
용천산,전라북도 군산시 나포면 ,451303001
용추산,전라남도 담양군  ,467102601
용화곡내골,강원도 삼척시 원덕읍 ,422303304
용화산,강원도 원주시  ,421302101
용화산,강원도 화천군 간동면 ,427901901
용화산,전라북도 익산시 왕궁면 ,451400301
우가산,울산광역시 북구 구유동 ,312000801
우금산,강원도 태백시  ,421904001
우두봉,경상남도 거제시  ,483104801
우두산,경기도 양평군 지제면 ,418303201
우두산,경상남도 거창군 가조면 ,488804501
우락산,경상남도 함양군 서하면 ,488702701
우렁산,경상북도 영양군 수비원 ,477602201
우마장산,전라남도 고흥군  ,467703601
우면산,서울특별시 서초구 방배제3동 ,116500401
우산공원,전라남도 영광군  ,468702304
우성이산,대전광역시 유성구 신성동 ,302001301
우암산,충청북도 청주시상당구 우암동 ,431103901
우장산,서울특별시 강서구 화곡제5동 ,115000501
운계봉,강원도 강릉시 사천면 ,421504901
운교산,강원도 영월군 중동면 ,427504101
운길산,경기도 남양주시 조안면 ,413601601
운달산,경상북도 문경시 문경읍 ,472803101
운무산,강원도 횡성군 청일면 ,427302401
운문산,경상북도 청도군 운문면 ,478202401
운봉산,강원도 고성군 토성면 ,428202101
운봉산,충청남도 보령시 웅천읍 ,441802101
운봉산책로,강원도 고성군 토성면 ,428200204
운악산,경기도 포천시 소흘읍 ,416502601
운악산,경기도 가평군 하면 ,418203101
운암산,전라북도 완주군 고산면 ,457102401
운암산,전라남도 고흥군 포두면 ,467701901
운암정,강원도 횡성군 횡성읍 ,427303804
운월산,전라남도 순천시 주암면 ,461502501
운이덕,강원도 인제군  ,428107404
운장산,강원도 정선군 여량면 ,427704401
운장산,전라북도 진안군 부귀면 ,457202301
운제산,경상북도 포항시 대송면 ,471103201
운제산구짐이골,경상북도 포항시남구  ,471105404
운주산,충청남도 연기군 전의면 ,447301601
운주산,경상북도 포항시 기계면 ,471103301
운지악,제주도 제주시  ,491107904
운흥산,경기도 시흥시 물왕동 ,413900701
울련산,경상북도 영양군 수비면 ,477601201
울릉군숲길,경상북도 울릉군  ,479400103
울미산,강원도 삼척시 신기면 ,422303401
울산바위,강원도 고성군  ,428203304
웅산,경상남도 진해시 웅천동 ,481901001
웅석봉,경상남도 산청군 산청읍 ,488604601
원당봉,제주도 제주시 조천읍 ,491101601
원당산,경상북도 의성군 의성읍 ,477303501
원대봉,강원도 인제군 인제읍 ,428106201
원대제,강원도 강릉시 교동 ,421508204
원덕읍사무소뒷산,강원도 삼척시 원덕읍 ,422303504
원등산,전라북도 완주군 소양면 ,457102601
원등산,전라북도 완주군 동상면 ,457104401
원미산,경기도 부천시원미구 원미2동 ,411900201
원산,충청남도 서천군 화양면 ,447701501
원수산,충청남도 연기군  ,447302701
원수악,제주도 제주시  ,491108004
원장봉,강원도 강릉시 강동면 ,421508301
원적사,경상북도 상주시  ,472505104
원적산,인천광역시 서구  ,282601101
원적산,경기도 이천시 백사면 ,415003601
원전벌바위둘레길,경상남도 창원시  ,481100203
원통산,충청북도 충주시 노은면 ,431305101
원통산,전라북도 임실군 덕치면 ,457502301
원효봉,광주광역시 북구 금곡동 ,291701901
월경산,경상남도 함양군 백전면 ,488702801
월대산,강원도 강릉시 성덕동 ,421505201
월라산포제동산,제주도 제주시  ,491108104
월류봉,충청북도 영동군 황간면 ,437403001
월명산,충청남도 보령시 미산면 ,441802201
월명산,충청남도 서천군 비인면 ,447701701
월명산,경상남도 산청군 신안면 ,488604701
월미산,인천광역시 중구  ,281100701
월미산,경상북도 포항시남구 오천읍 ,471104401
월방산,경상북도 문경시 산양면 ,472803301
월봉,전라북도 정읍시  ,451803401
월봉산,충청남도 천안시 쌍봉동 ,441302401
월봉산,충청남도 금산군 금산읍 ,447102401
월봉산,전라남도 담양군  ,467102701
월봉산,경상남도 거창군  ,488808101
월선봉,전라남도 장성군 황룡면 ,468802401
월성산,충청남도 공주시  ,441502801
월성산,충청남도 서천군 한산면 ,447701801
월아산_월아봉,경상남도 진주시  ,481702601
월악산_영봉,충청북도 제천시 덕산면 ,431503501
월암산,경상북도 봉화군 법전면 ,479202801
월여산,경상남도 거창군 신원면 ,488803601
월영봉,충청남도 금산군 제원면 ,447102501
월이산,충청북도 옥천군 이원면 ,437301701
월출봉,전라남도 순천시  ,461505501
월평공원,대전광역시 동구  ,301105204
월학리마을뒷산,강원도 인제군 남면 ,428100303
월학쉼터,강원도 인제군 북면 ,428106504
위례산,충청남도 천안시  ,441302501
유건에오름,제주도 제주시  ,491108204
유구리뒷산,충청남도 공주시  ,441507204
유덕봉,경상북도 고령군 쌍림면 ,478302301
유명산,경기도 양평군 옥천면 ,418303301
유방산,전라남도 목포시 연산동 ,461100901
유주산,전라남도 고흥군 도화면 ,467702101
유지등산,강원도 정선군 정선읍 ,427704501
유학산,경상북도 칠곡군 가산면 ,478502801
육신사,대구광역시 달성군 하빈면 ,277103804
육향산,강원도 삼척시 정라동 ,422306401
윤개해안,경상남도 거제시 장승포동 ,483107304
윤산,부산광역시 금정구  ,264100201
윤산둘레길,부산광역시 금정구  ,264100103
율도,전라남도 목포시  ,461101504
은고개,강원도 정선군 정선읍 ,427704704
은두봉,경기도 가평군 상면 ,418204601
은봉산,충청남도 당진군  ,448301401
은석산,충청남도 천안시 북면 ,441302701
은월봉,제주도 제주시 구좌읍 ,491101801
은이산,경기도 용인시처인구 해곡동 ,414604501
은적산,충청북도 청주시흥덕구 강내면 ,431104201
은파호수공원,전라북도 군산시  ,451305004
응봉산,강원도 삼척시 가곡면 ,422305301
응봉산,강원도 삼척시 도계읍 ,422306501
응봉산,강원도 홍천군 화촌면 ,427205601
응봉산,강원도 영월군 영월읍 ,427504201
응봉산,강원도 인제군 기린면 ,428104401
응봉산,충청북도 청주시상당구  ,431106101
응봉산,경상북도 봉화군 명호면 ,479202901
응봉산,경상북도 울진군 온정면 ,479301901
응봉산,경상남도 김해시 진영읍 ,482503301
응봉산,경상남도 남해군 남면 ,488403201
응암산,경상북도 포항시 구룡포읍 ,471103501
응해산,대구광역시 동구 공산2동 ,271401001
응해산,대구광역시 동구 중대동 ,271401701
이계오름,제주도 제주시  ,491108304
이구산,경상남도 사천시 정동면 ,482401501
이기대도시자연공원,부산광역시 남구  ,262900804
이끼폭포,강원도 삼척시 도계읍 ,422303804
이달봉,제주도 제주시 애월읍 ,491101901
이달이촛대봉,제주도 제주시  ,491101603
이동산,경상북도 포항시남구 지곡동 ,471104501
이명산,경상남도 하동군  ,488500901
이목리,강원도 속초시 노학동 ,422101604
이방산,경상남도 산청군 삼장면 ,488604901
이배재고개,경기도 성남시중원구 갈현동 ,411300304
이성산,충청북도 증평군 도안면 ,437450301
이승악,제주도 제주시  ,491108404
이인133봉,충청남도 공주시  ,441507301
이치산,전라남도 완도군  ,468901901
이터산,경기도 용인시처인구 모현면 ,414604601
이티봉산성,충청북도 청주시상당구  ,431106304
익산토성둘레길,전라북도 익산시  ,451400103
인경산,충청북도 청주시상당구 미원면 ,431104301
인내산,경상북도 경주시 서면 ,471304601
인단산,대전광역시 동구 효동 ,301101301
인대산,충청남도 금산군 진산면 ,447102601
인대산가리막골,충청남도 금산군  ,447103704
인등산,충청북도 충주시 산척면 ,431302801
인성산,경상남도 마산시 진북면 ,481502301
인왕산,서울특별시 서대문구 홍제제4동 ,114100401
인의산,전라남도 무안군 일로읍 ,468402601
인의산,전라남도 영광군  ,468702401
인재개발원화명수목원,부산광역시 북구  ,263200203
인정오름,제주도 제주시  ,491108504
인후공원,전라북도 전주시  ,451102704
일광산,부산광역시 기장군  ,267101401
일림산,전라남도 보성군 웅치면 ,467801201
일봉산,충청남도 천안시 신룡동 ,441302801
일산,강원도 화천군 화천읍 ,427902001
일산봉,경상남도 거창군 남하면 ,488805101
일성산,전라남도 해남군  ,468203601
일월산,충청남도 홍성군 홍성읍 ,448001601
일월산,경상북도 영양군 청기면 ,477601301
임경업장군묘소,충청북도 충주시  ,431304804
임봉산,경상북도 안동시 길안면 ,471704201
임암산,전라남도 목포시 옹해동 ,461101001
임원해맞이공원,강원도 삼척시 원덕읍 ,422300504
임호산,경상남도 김해시 내외동 ,482503401
입곡산림욕장,경상남도 함안군 산인면 ,487302704
입봉,전라북도 진안군  ,457202901
입석리,충청남도 공주시  ,441507404
입화산,울산광역시 중구 다운동 ,311100201
자굴산,경상남도 의령군 가례면 ,487203601
자굴산둘레길,경상남도 의령군 가례면 ,487205503
자란산,경기도 평택시 비전동 ,412200304
자모산,충청남도 공주시  ,441507501
자배봉,제주도 서귀포시 남원읍 ,491302901
자산,경기도 여주시 강천면 ,416703201
자산동야산,경상남도 창원시마산합포구 자산동 ,481100104
자시산성산,경상남도 밀양시  ,482706601
자암산,경상북도 안동시  ,471704301
작성산,충청남도 천안시 북면 ,441302901
작성산,충청남도 연기군 전의면 ,447301701
작약산,경상북도 문경시 가은읍 ,472803401
작약산,경상남도 김해시 한림면 ,482503501
작오산,경상북도 칠곡군 왜관읍 ,478503001
작은걸쇠,제주도 제주시  ,491108604
작은산,전라남도 보성군  ,467802601
작은성황산,강원도 양양군 손양면 ,428307001
작은월랑봉,제주도 제주시  ,491101704
잔미산,충청남도 보령시 웅천읍 ,441802301
잠곡초교뒷산,강원도 철원군  ,427802804
잠두봉,경상남도 거창군  ,488807401
잠두산,강원도 평창군 대화면 ,427603901
잠방골,충청북도 청주시상당구  ,431104904
잠용산,대구광역시 달성군  ,277104301
잣밭구뎅이,강원도 정선군 화암면 ,427704904
잣봉,강원도 영월군  ,427504401
장군바위산,강원도 평창군 대관령면 ,427605701
장군봉,전라북도 전주시  ,451102001
장군봉,전라북도 군산시 구암동 ,451304401
장군봉,전라북도 완주군  ,457104501
장군봉,경상북도 봉화군  ,479204601
장군봉,경상남도 거창군 가조면 ,488805201
장군산,부산광역시 서구 암남동 ,261400901
장군산,충청남도 공주시 장기면 ,441503001
장군산,전라남도 여수시 화정면 ,461302401
장군산,경상북도 경산시 하양읍 ,472901301
장근봉,전라남도 무안군 청계면 ,468403501
장동고개,대전광역시 대덕구  ,302301204
장등산,경상남도 거제시 옥포동 ,483107401
장락산,경기도 가평군 설악면 ,418203301
장령산,경기도 고양시덕양구  ,412801701
장령산,충청북도 옥천군  ,437303101
장령산,경상남도 사천시  ,482401701
장륙산,경상북도 경주시 산내면 ,471304801
장리산,강원도 양양군 현북면 ,428307101
장미산,강원도 평창군 계촌출장소 ,427604101
장미산,충청북도 충주시 가금면 ,431303001
장복산,경상남도 진해시 여좌동 ,481901201
장복산마진터널,경상남도 창원시  ,481102104
장산,부산광역시 해운대구 반여동 ,263500501
장산,강원도 영월군 상동읍 ,427504501
장성봉,경상북도 문경시 가은읍 ,472804701
장성산,강원도 영월군  ,427505701
장수봉,충청남도 공주시  ,441507601
장수산,인천광역시 부평구  ,282370701
장수산,강원도 인제군  ,428104501
장안산_상봉,전라북도 장수군  ,457402601
장암산,강원도 평창군 평창읍 ,427604201
장암산,전라남도 영광군 묘량면 ,468701701
장원봉,광주광역시 동구  ,291102101
장자산,전라북도 고창군 대산면 ,457901801
장재덕,충청북도 제천시  ,431505104
장전평,강원도 홍천군 홍천읍 ,427207104
장정산,전라남도 영암군  ,468302701
장척산,경상남도 김해시 상동면 ,482505101
장천면산,경상북도 구미시 장천면 ,471904901
장태봉,충청남도 보령시 미산면 ,441802401
장학산,충청남도 공주시  ,441507701
장학산,충청남도 예산군 신양면 ,448101601
재래봉,강원도 평창군 평창읍 ,427605401
재약산,경상남도 밀양시 단장면 ,482704101
쟁기봉,대전광역시 동구  ,301105301
저도비치로드,경상남도 창원시  ,481100304
저명산,경기도 이천시 마장면 ,415002801
저수령둘레길,충청북도 단양군  ,438000103
저지오름,제주도 제주시  ,491100404
적대봉,전라남도 고흥군 금산면 ,467702301
적라산,경상북도 군위군 군위읍 ,477201501
적벽산,경상남도 산청군 신안면 ,488605001
적변산,강원도 삼척시 미로면 ,422306901
적산,전라남도 고흥군  ,467703401
적상산,전라북도 무주군 적상면 ,457301901
적석산,경상남도 마산시 진전면 ,481502401
적오산,대전광역시 유성구 신성동 ,302001401
전월산,충청남도 연기군 남면 ,447301801
전후치,강원도 강릉시 연곡면 ,421500203
절골산,경기도 용인시처인구 모현면 ,414604701
절물오름,제주도 제주시  ,491108704
절산,강원도 화천군  ,427902301
점봉산,강원도 인제군 기린면 ,428104601
접산,강원도 영월군 영월읍 ,427504601
접성산,경상북도 구미시 고아면 ,471903101
정각산,경상남도 밀양시 산내면 ,482704201
정광산,경기도 광주시 도척면 ,416102101
정도리구계등,전라남도 완도군 완도읍 ,468902304
정물알오름,제주도 제주시  ,491108804
정물오름,제주도 제주시  ,491102404
정배산,경기도 용인시 백암면 ,414603001
정병산,경상남도 창원시 봉림동 ,481100701
정수산,경상남도 산청군 산청읍 ,488605101
정안국사봉,충청남도 공주시  ,441507801
정족산,인천광역시 강화군  ,287101001
정족산,울산광역시 울주군 삼동면 ,317103701
정풍산,전라북도 장수군 산서면 ,457403601
정혜산,충청남도 청양군 장평면 ,447901801
제비봉,충청북도 단양군 단성면 ,438003101
제석산,광주광역시 남구  ,291550801
제석산,전라남도 순천시 낙안면 ,461502701
제석산,경상남도 거제시 연초면 ,483105201
제암산,전라남도 보성군 웅치면 ,467801401
제암산,전라남도 장흥군  ,468002101
제왕산,강원도 강릉시 성산면 ,421505501
제주올레길한림고내올레,제주도 제주시  ,491101703
제지기오름,제주도 제주시  ,491108904
제천동중학교뒷산,충청북도 제천시  ,431505004
제철동,경상북도 포항시남구 호동 ,471104604
제추골,강원도 고성군 간성읍 ,428204004
조계산_장군봉,전라남도 순천시 송광면 ,461502801
조라,경상남도 거제시 옥포동 ,483100104
조령산,충청북도 괴산군 연풍면 ,437602101
조록바위봉,경상북도 봉화군  ,479206001
조봉,강원도 양양군 서면 ,428307201
조비산,경기도 용인시 백암면 ,414603101
조산봉,경상북도 봉화군 재산면 ,479203101
조소산,충청남도 보령시  ,441802501
조양동선사유적지,강원도 속초시 조양동 ,422100804
조운산,경상북도 안동시 북후면 ,471704401
조침령,강원도 인제군  ,428107104
조항산,충청북도 괴산군 청천면 ,437602301
조항산,전라북도 무주군 적상면 ,457302001
조항산,경상북도 포항시 동해면 ,471103601
조항산,경상북도 문경시  ,472804901
족두리봉아래,서울특별시 은평구  ,113801204
족은녹고메,제주도 제주시  ,491102604
족은바리메,제주도 제주시  ,491102704
족은방애오름,제주도 제주시  ,491109004
족은사슴이,제주도 제주시  ,491109104
족은지그리오름,제주도 제주시  ,491102603
존제산,전라남도 보성군 율어면 ,467801501
종고산,전라남도 여수시 화정면 ,461302501
종남산,경상남도 밀양시 부북면 ,482704301
종자산,경기도 연천군 연천읍 ,418000901
종재기악,제주도 제주시  ,491109204
좌구산,충청북도 청주시상당구 미원면 ,431104701
좌구산자연휴양림,충청북도 증평군  ,437450504
좌방산,강원도 춘천시 남면 ,421104401
좌보미,제주도 서귀포시  ,491302804
좌이산,경상남도 고성군 하일면 ,488205801
주공4차아파트뒷산,강원도 동해시 천곡동 ,421700104
주금산,경기도 포천시 내촌면 ,416503101
주렴산,충청남도 보령시 주산면 ,441802601
주리봉,전라남도 영암군 삼호면 ,468301101
주미산,충청남도 공주시  ,441507901
주발봉,경기도 가평군 외서면 ,418203501
주봉산,강원도 속초시 노학동 ,422101401
주봉산,충청북도 충주시 동량면 ,431303501
주산,경상남도 산청군 시천면 ,488605201
주왕산,경상북도 청송군 부동면 ,477502301
주월산,충청북도 괴산군 감물면 ,437602501
주월산,전라남도 고흥군 두원면 ,467702501
주월산,전라남도 보성군 겸백면 ,467801601
주읍산,경기도 양평군 개군면 ,418303501
주정산,충청북도 충주시  ,431304901
주주봉,경상남도 김해시 주촌면 ,482503701
주지봉,전라남도 영암군 학산면 ,468301201
주지봉,경상북도 문경시  ,472805001
주흘산,경상북도 문경시 문경읍 ,472803901
죽곡산,대구광역시 달성군 다사면 ,277102901
죽도산,강원도 양양군 현남면 ,428300304
죽림산,전라북도 정읍시  ,451802701
죽엽산,강원도 화천군 간동면 ,427902401
죽엽산,강원도 화천군  ,427903501
죽장봉화봉,경상북도 포항시남구  ,471100104
죽전리뒷산,경상북도 칠곡군 기산면 ,478504204
준경묘주변산,강원도 삼척시  ,422305004
중경산,인천광역시 남동구 도림동 ,282001201
중근봉,충청남도 연기군  ,447302401
중미산,경기도 양평군 서종면 ,418303601
중봉산,경상남도 거제시 장목면 ,483105401
중부산성,경상남도 양산시 중부동 ,483302704
중수봉,전라북도 완주군  ,457104301
중앙공원,광주광역시 서구  ,291400604
중원산,경기도 양평군 용문면 ,418303701
중전리당두산입구,충청북도 제천시  ,431505404
중태산,경상북도 청송군 청송읍 ,477502401
지각산,강원도 삼척시 하장면 ,422307501
지등산,충청북도 충주시 동량면 ,431303601
지라안산,경상남도 김해시 대동면 ,482503901
지력산,전라남도 진도군 지산면 ,469001901
지리산,경상남도 통영시 사량면 ,482202301
지리산_천왕봉,경상남도 산청군 삼장면 ,488605302
지미봉,제주도 제주시 구좌읍 ,491102201
지봉산,충청남도 금산군 추부면 ,447102901
지산동산,경상북도 구미시 고아읍 ,471905001
지억산,강원도 정선군 남면 ,427707201
지장산,전라북도 진안군  ,457203401
지장산,전라북도 무주군  ,457302101
지장산,경상북도 상주시 모동면 ,472503701
지적산,전라남도 목포시 대양동 ,461101101
지족산,대전광역시 유성구  ,302001501
진강산,인천광역시 강화군  ,287101101
진관근린공원,서울특별시 은평구  ,113801304
진당산,충청남도 보령시 주포면 ,441802701
진봉산,경상남도 창녕군 대합면 ,487402501
진부령,강원도 고성군  ,428204404
진악산,충청남도 금산군 금산읍 ,447103001
진월국사봉,전라남도 광양시  ,462301801
진접읍금곡리,경기도 남양주시 진접읍 ,413602904
진조산,경상북도 울진군 서면 ,479302201
진해드림로드,경상남도 창원시  ,481100404
질현성,대전광역시 동구  ,301102804
집다리골,강원도 춘천시 사북면 ,421106004
집현산,경상남도 진주시 집현면 ,481702801
짚봉산,광주광역시 남구  ,291551101
짝바위등산로,강원도 강릉시 주문진읍 ,421508404
창수산,경상북도 경주시 산내면 ,471306101
창안산,강원도 화천군 사내면 ,427902501
창암산,경상남도 함양군 마천면 ,488703101
채계산,전라북도 순창군  ,457702301
채죽산,충청남도 공주시 우성면 ,441503201
천곡산성,경상남도 김해시 주촌면 ,482505204
천관산,전라남도 장흥군 대덕읍 ,468001701
천도리52연대,강원도 인제군  ,428100603
천등산,충청북도 제천시 백운면 ,431503701
천등산,전라북도 완주군 운주면 ,457103201
천등산,전라남도 고흥군 포두면 ,467702601
천등산,경상북도 안동시 북후면 ,471704601
천마봉,충청남도 청양군 청양읍 ,447901901
천마산,부산광역시 서구 남부민동 ,261401101
천마산,경기도 남양주시 오남읍 ,413602201
천마산,강원도 정선군 남면 ,427707401
천마산,전라북도 전주시  ,451102101
천마산,전라북도 남원시 수지면 ,451903501
천마산,전라남도 여수시 돌산읍 ,461302801
천마산,경상북도 문경시 영순면 ,472804101
천만산,충청북도 영동군 상촌면 ,437403401
천반산,전라북도 진안군 상전면 ,457202701
천방산,충청남도 서천군 문산면 ,447702201
천방산,충청남도 예산군 대술면 ,448101701
천방산,전라남도 고흥군  ,467703501
천보산,경기도 의정부시 자금동 ,411500701
천봉,충청남도 공주시  ,441508001
천봉,전라남도 담양군  ,467102201
천봉산,전라남도 보성군 복내면 ,467801801
천봉산,경상북도 상주시 북문동 ,472503901
천비산,대전광역시 중구  ,301400601
천생산,경상북도 구미시 인동동 ,471903601
천성산,경상남도 양산시  ,483302101
천아오름,제주도 제주시  ,491102504
천아초낭오름,제주도 제주시  ,491109304
천암산,경상남도 통영시 평림1동 ,482202501
천왕산,충청남도 논산시  ,442303501
천왕산,경상북도 청도군 각남면 ,478203001
천왕산,경상남도 고성군 대가면 ,488206001
천운산,전라남도 화순군 동면 ,467903501
천의봉,강원도 태백시  ,421903501
천장봉,전라북도 전주시  ,451102201
천장산,서울특별시 동대문구  ,112300301
천장산,경상남도 거제시 남부면 ,483107501
천주산,경상북도 문경시 동로면 ,472804501
천주산,경상남도 창원시 의창동 ,481100901
천주산누리길,경상남도 창원시  ,481100504
천진샘터,강원도 고성군 토성면 ,428204104
천치산,강원도 양양군 현북면 ,428304701
천태산,충청북도 영동군 양산면 ,437403501
천태산,충청남도 공주시 의당면 ,441503301
천태산,충청남도 금산군  ,447103501
천태산,충청남도 예산군 봉산면 ,448101801
천태산,전라남도 강진군 대구면 ,468102701
천태산,경상남도 양산시 원동면 ,483302201
천택산,경상북도 상주시 화서면 ,472504001
천호산,충청남도 논산시  ,442302701
천호산,전라북도 완주군 비봉면 ,457103401
천황산,전라북도 남원시 산동면 ,451903601
천황산,전라남도 순천시 해룡면 ,461503201
천황산,경상남도 통영시 욕지면 ,482202701
천황산,경상남도 밀양시 산내면 ,482704701
천황산,경상남도 의령군 칠곡면 ,487204001
천황산,경상남도 고성군 상리면 ,488206101
철갑령,강원도 강릉시  ,421508704
철마산,부산광역시 기장군  ,267101601
철마산,인천광역시 서구 가정2동 ,282600601
철마산,경기도 남양주시 수동면 ,413602301
철마산,강원도 삼척시 원덕읍 ,422307701
철마산,충청남도 홍성군 금마면 ,448001901
철마산,경상남도 산청군 생초면 ,488605401
철마산,경상남도 거창군  ,488806201
철미산,강원도 정선군 정선읍 ,427707501
철미산,경상북도 포항시 환여동 ,471104001
철봉산,충청북도 옥천군 동이면 ,437302101
철승산,충청남도 공주시 사곡면 ,441503401
철암,강원도 태백시 철암동 ,421902804
첨산,전라남도 순천시 별량면 ,461503401
첨찰산,전라남도 진도군 의신면 ,469002101
첩푸산,충청북도 충주시 상모면 ,431303701
청계산,경기도 과천시  ,412900401
청계산,경기도 가평군 하면 ,418203701
청계산,경기도 양평군 양서면 ,418303801
청계산원터,서울특별시 서초구  ,116500804
청대산,강원도 속초시 조양동 ,422101501
청등산,충청남도 부여군 충화면 ,447603501
청량산,인천광역시 연수구 청학동 ,281850201
청량산,경상남도 마산시 현동 ,481502601
청량산_의상봉,경상북도 봉화군  ,479203401
청룡산,대구광역시 달서구 상인2동 ,272900601
청룡산,충청남도 천안시 광덕면 ,441303101
청룡산,전라남도 영광군  ,468702701
청명산,경기도 용인시 기흥읍 ,414603201
청명산,경기도 화성시 마도면 ,415902601
청벽산,충청남도 공주시 반포면 ,441503501
청솔2차뒷산,강원도 삼척시 교동 ,422300604
청송자연휴양림,경상북도 청송군  ,477503104
청암산,전라북도 군산시 회현면 ,451303801
청옥산,강원도 삼척시 하장면 ,422308101
청옥산,강원도 평창군 평창읍 ,427604601
청옥산,경상북도 봉화군 소천면 ,479203501
청우산,경기도 가평군 상면 ,418203801
청화산,충청북도 괴산군 청천면 ,437603301
청화산,경상북도 의성군 구천면 ,477302701
초곡산성,대구광역시 달성군  ,277103904
초례봉,대구광역시 동구 안심3동 ,271401101
초록봉,강원도 동해시 천곡동 ,421701601
초록산,경기도 화성시  ,415902701
초롱산,충청남도 홍성군 홍동면 ,448002101
초산봉,전라북도 정읍시  ,451803501
초산연지길,전라북도 정읍시  ,451803604
초안산,서울특별시 노원구  ,113500301
초암산,전라남도 보성군 율어면 ,467801901
초암산수남,전라남도 보성군 겸백면 ,467802404
초점산,전라북도 무주군  ,457302501
초점산,경상남도 거창군  ,488804101
초평트래킹길,충청북도 진천군  ,437500103
초피산,인천광역시 강화군  ,287102201
촛대봉,경기도 양평군  ,418305001
촛대봉,강원도 춘천시  ,421104801
최악산,전라남도 곡성군 삼기면 ,467202101
최정산,대구광역시 달성군 가창면 ,277103301
추동공원,경기도 의정부시 용현동 ,411500904
추월산,전라남도 담양군 용면 ,467101801
추화산,경상남도 밀양시 교동 ,482704901
축령산,경기도 가평군 상면 ,418203901
축융봉,경상북도 봉화군 명호면 ,479204401
춘갑봉,강원도 강릉시  ,421508501
출동산,충청남도 연기군 동면 ,447301901
충무공원,전라북도 정읍시  ,451803704
충혼탑,경상북도 봉화군  ,479205504
취국산,충청남도 공주시  ,441508101
취령산,전라남도 고흥군 대서면 ,467702701
취북산,전라남도 고흥군 포두면 ,467702801
취암산,충청남도 천안시 청룡동 ,441303201
취연정,강원도 강릉시 교동 ,421500404
치마산,전라북도 완주군  ,457104001
칠갑산,충청남도 청양군  ,447902001
칠보산,경기도 수원시권선구 호매실동 ,411170701
칠보산,충청북도 괴산군  ,437603901
칠보산,충청북도 괴산군 칠성면 ,437604001
칠보산,전라북도 정읍시 칠보면 ,451803101
칠봉산,경기도 동두천시 불현동 ,412500401
칠봉산,강원도 강릉시 성산면 ,421506201
칠봉산,충청남도 공주시 탄천면 ,441503601
칠사산,경기도 광주시 송정동 ,416102401
칠산,경상남도 김해시 칠산서부동 ,482504201
칠성산,강원도 강릉시 구정면 ,421507001
칠탄산,경상남도 밀양시 내일동 ,482705001
칠현산,경상남도 통영시 사량면 ,482202801
칡오름구좌읍,제주도 제주시  ,491109404
칡오름봉개동,제주도 제주시  ,491102703
칡오름상효동,제주도 제주시  ,491109504
큰걸쇠,제주도 제주시  ,491109604
큰골숲길,경기도 남양주시  ,413603104
큰노리손이,제주도 제주시  ,491109704
큰도래미오름,제주도 제주시  ,491109804
큰산,전라남도 완도군  ,468902201
큰산임도,전라남도 신안군  ,469104904
탄항산,충청북도 충주시 수안보면 ,431304601
탑산,강원도 동해시 천곡동 ,421702201
탑산,경상북도 의성군  ,477303701
탑현골,강원도 고성군  ,428204304
태기산,강원도 횡성군 둔내면 ,427303301
태백산,경상남도 창녕군 대합면 ,487403601
태백산,경상남도 합천군 초계면 ,488905801
태백산_장군봉,강원도 태백시 문곡소도동 ,421902201
태백산둘레길,경상남도 창녕군  ,487400103
태백산악훈련장,강원도 태백시 문곡동 ,421902904
태복산,경상남도 창원시의창구  ,481101901
태봉,충청북도 보은군  ,437202001
태봉산,경기도 성남시  ,411300501
태봉산,경기도 평택시 진위면 ,412202601
태봉산,경기도 용인시 원삼면 ,414603301
태봉산,경기도 용인시처인구  ,414605001
태봉산,강원도 강릉시 강동면 ,421506301
태봉산,강원도 삼척시 성내동 ,422308301
태봉산,강원도 인제군  ,428104801
태봉산,충청남도 보령시  ,441803101
태봉산,전라남도 순천시  ,461504501
태봉산,경상남도 산청군  ,488605601
태산봉,전라남도 영암군  ,468302801
태수산,충청남도 공주시 금학동 ,441503701
태숭산,경상남도 김해시 진영읍 ,482504301
태악산노인봉성재봉,전라남도 화순군  ,467904401
태재고개,경기도 성남시분당구  ,411300404
태조봉,충청남도 천안시 신안동 ,441303401
태청산,전라남도 장성군 삼계면 ,468802801
태행산,경상북도 청송군 청송읍 ,477502601
태화근린공원,울산광역시 중구  ,311100404
태화산,경기도 광주시 도척면 ,416102501
태화산,강원도 영월군 영월읍 ,427504901
태화산,충청남도 천안시 풍세면 ,441303501
태화산,충청남도 공주시  ,441508201
태화산,경상북도 안동시 태화동 ,471706101
토곡산,경상남도 양산시 원동면 ,483302301
토끼봉,대전광역시 동구 대청동 ,301101501
토끼봉,강원도 정선군 신동읍 ,427705001
토봉,경상북도 의성군  ,477303801
토산봉,제주도 서귀포시  ,491302904
토함산,경상북도 경주시 불국동 ,471305401
통명산,전라남도 곡성군 죽곡면 ,467202201
통방산,경기도 가평군 설악면 ,418204101
통오름,제주도 제주시  ,491109904
퇴메산,충청남도 청양군 청양읍 ,447902101
퇴모산,인천광역시 강화군  ,287101201
퇴뫼산,경기도 남양주시 진접읍 ,413602401
퇴뫼산,충청남도 홍성군 금마면 ,448002201
퇴뫼산일원,경기도 남양주시  ,413603204
퇴미산,전라남도 여수시  ,461303401
퇴비산,충청남도 태안군 태안읍 ,448252001
파군봉,제주도 제주시 애월읍 ,491102301
파리봉,경상북도 봉화군 상운면 ,479203701
파산,경상북도 칠곡군 왜관읍 ,478503501
판문산,경상남도 진주시  ,481703001
판암근린공원,대전광역시 동구  ,301105404
팔각산,경상북도 영덕군 달산면 ,477703701
팔각산둘레길,경상북도 영덕군  ,477700103
팔강산,경기도 구리시 갈매동 ,413100101
팔공산,전라북도 장수군 장수읍 ,457403001
팔공산_비로봉,대구광역시 동구 공산1동 ,271401201
팔룡산,경기도 평택시 도원동 ,412202101
팔봉산,강원도 홍천군 서면 ,427206501
팔봉산,충청북도 청주시서원구 남이면 ,431104801
팔봉산,충청남도 서산시 팔봉면 ,442102401
팔봉산,충청남도 서산시  ,442102701
팔봉산,경상남도 밀양시 상남면 ,482706401
팔봉산,경상남도 함양군 함양읍 ,488703801
팔암산,전라남도 장성군 삼계면 ,468802901
팔영산,전라남도 고흥군 영남면 ,467702901
팔용산,경상남도 마산시 봉암동 ,481502901
팔음산,경상북도 상주시 모서면 ,472504501
펀치볼둘레길,강원도 양구군  ,428000103
평성산,경상북도 구미시 도량동 ,471905101
평안산,충청남도 공주시 탄천면 ,441503901
평지산,경상남도 마산시 진북면 ,481503001
포도산,경상북도 영양군 석보면 ,477601601
포성봉,경상북도 상주시 모동면 ,472504601
포암산,경상북도 문경시 문경읍 ,472804301
포항시청뒷산,경상북도 포항시남구 대잠동 ,471104704
폭낭오름,제주도 제주시  ,491102803
푯대봉,강원도 정선군 여량면 ,427705201
풍락산,경상북도 봉화군 명호면 ,479203801
풍악산,전라북도 남원시 대산면 ,451903801
풍촌,전라북도 군산시  ,451305104
피래산,강원도 강릉시 강동면 ,421506501
핏대봉,강원도 정선군 여량면 ,427705301
하사앞산,대전광역시 동구  ,301105504
하서산,경상남도 밀양시  ,482705301
하양혈리산,강원도 양양군 손양면 ,428300404
하왕도리산,강원도 양양군 손양면 ,428307304
하왕도리산,강원도 양양군  ,428307604
하추리산막골,강원도 인제군 인제읍 ,428106604
학가산,경상북도 안동시 북후면 ,471705201
학미산,경기도 시흥시  ,413900601
학사리,강원도 철원군 김화읍 ,427802504
학산,대구광역시 달서구 본동 ,272900701
학정봉,경상북도 봉화군  ,479205601
한강기맥,강원도 홍천군 서석면 ,427207304
한남금북정맥,충청북도 음성군  ,437700104
한남정맥,인천광역시 계양구  ,282450104
한남정맥,경기도 용인시  ,414600103
한남지선,경기도 안성시  ,415500104
한대오름,제주도 제주시  ,491101203
한도골계곡,강원도 삼척시  ,422306604
한반도해송숲,전라남도 신안군  ,469100203
한북정맥,경기도 고양시일산동구  ,412800104
한산,충청남도 공주시 웅진동 ,441504001
한석산,강원도 인제군 인제읍 ,428105001
한양아파트뒷산,강원도 동해시 천곡동 ,421702304
한우산,경상남도 의령군 가례면 ,487204101
한재,강원도 삼척시 근덕면 ,422304604
한천산,강원도 양양군 현북면 ,428305101
할매산,인천광역시 서구  ,282601301
할미산,경상남도 거창군  ,488807101
함각산,대전광역시 동구 대청동 ,301101601
함라산,전라북도 익산시 함라면 ,451400401
함라산둘레길,전라북도 익산시  ,451400203
함박봉,충청남도 논산시 연산면 ,442303001
함박산,충청남도 연기군 서면 ,447302001
함백산,강원도 태백시 삼수동 ,421902401
함백산오투리조트,강원도 태백시  ,421904104
함봉산,인천광역시 부평구  ,282370501
함봉산,인천광역시 서구 가좌4동 ,282600801
함월산,울산광역시 남구 선암동 ,311400501
함월산평산골,울산광역시 중구  ,311100504
함지산,대구광역시 북구 칠곡1동 ,272300901
합미봉,전라북도 장수군 장계면 ,457403101
항가울산,경기도 안산시상록구 사동 ,412700301
해넘이등산로,충청북도 단양군  ,438003004
해룡산,경기도 동두천시 불현동 ,412500501
해망산,충청남도 보령시 대천5동 ,441802901
해안면,강원도 양구군 해안면 ,428001104
해월산,충청남도 공주시  ,441508301
행치봉,전라북도 전주시  ,451103101
향교뒷산,강원도 철원군 철원읍 ,427802604
향로봉,강원도 고성군 간성읍 ,428203101
향로산,강원도 춘천시 칠송동 ,421105201
향로산,전라북도 무주군  ,457302601
향로산,경상남도 밀양시 단장면 ,482705401
향산,강원도 정선군 동면 ,427708001
향산리둘레길,충청북도 충주시 살미면 ,431300103
향수산,경기도 용인시처인구 포곡읍 ,414604801
향적산,충청남도 논산시  ,442303601
향적산,충청남도 계룡시  ,442500501
허굴산,경상남도 합천군 가회면 ,488906101
현달산,경기도 고양시일산동구 고봉동 ,412801101
현리산,강원도 인제군  ,428107501
현산,경상북도 예천군 예천읍 ,479000104
현성산,경상남도 거창군 위천면 ,488805301
현천뒷산,전라남도 여수시  ,461303501
혈구산,인천광역시 강화군  ,287101401
형제봉,경기도 양평군  ,418305101
형제봉,강원도 동해시 만우동 ,421701701
형제봉,충청북도 보은군  ,437202801
형제봉,전라북도 진안군  ,457203501
형제봉,전라남도 구례군  ,467302001
형제봉,경상북도 상주시  ,472505401
형제봉,경상남도 하동군 화개면 ,488501301
혜림정사앞산189고지,대전광역시 동구  ,301105604
호골산,경상북도 봉화군 봉화읍 ,479203901
호구산,경상남도 남해시 이동면 ,488403901
호남정맥,전라북도 정읍시  ,451800104
호남정맥,전라남도 화순군  ,467900104
호두산,전라남도 순천시 서면 ,461503601
호등산,전라남도 영암군 삼호면 ,468301801
호랑산,전라남도 여수시 화정면 ,461302901
호룡곡산,인천광역시 중구 용유동 ,281100401
호명사뒷산,인천광역시 부평구  ,282370401
호명산,경기도 양주시 백석읍 ,416302101
호명산,경기도 가평군 외서면 ,418204201
호산,전라남도 영암군  ,468302901
호암산,서울특별시 금천구  ,115450101
호암산,전라남도 여수시 화정면 ,461303001
호암산,경상남도 마산시 진전면 ,481503101
호암산,경상남도 의령군  ,487204801
호음산,경상남도 거창군 고제면 ,488804301
호점산성,충청북도 보은군  ,437202104
호태산,충청남도 공주시  ,441504101
홍곡산,부산광역시 남구  ,262900601
홍도산,강원도 횡성군 횡성읍 ,427303701
홍릉공원,서울특별시 동대문구  ,112300404
홍복산,경기도 양주시 어둔동 ,416302201
홍산,충청남도 부여군  ,447604801
화개산,인천광역시 강화군  ,287101501
화락산,충청남도 보령시 웅천읍 ,441803001
화리치,경상남도 고성군 상리면 ,488207204
화방산,광주광역시 남구 송암동 ,291551201
화부산,강원도 강릉시 교2동 ,421506801
화부산,경상북도 안동시 길안면 ,471705401
화산,강원도 강릉시 옥계면 ,421506901
화산,경상북도 안동시 풍천면 ,471705501
화산공원,전라북도 전주시  ,451102804
화시봉,전라북도 고창군 아산면 ,457902501
화악산,경기도 가평군 북면 ,418204301
화악산,경상남도 밀양시 청도면 ,482705801
화야산,경기도 가평군 외서면 ,418204401
화양골둘레길,충청북도 괴산군  ,437600103
화왕산,경상남도 창녕군 창녕읍 ,487403301
화왕산,경상남도 창녕군  ,487403901
화장산,경상북도 봉화군 법전면 ,479204001
화장산,경상남도 함양군 휴천면 ,488703401
화절령,강원도 정선군 사북읍 ,427709204
화진포소나무숲산림욕장,강원도 고성군  ,428204804
화채봉,강원도 영월군 수주면 ,427505201
화학산,전라남도 화순군 청풍면 ,467903901
환성산,대구광역시 동구 공산1동 ,271401401
환성산,경상북도 경산시  ,472901601
환희산,충청북도 진천군 문백면 ,437501501
활오름,제주도 제주시  ,491100103
황금산,경기도 남양주시  ,413602601
황령산,부산광역시 부산진구 전포제1동 ,262300501
황룡산,경기도 고양시일산서구  ,412801801
황매산,경상남도 합천군 가회면 ,488906401
황방산,울산광역시 중구 장현동 ,311100301
황방산,전라북도 전주시  ,451102601
황산,전라북도 남원시 운봉읍 ,451903901
황새봉,경상남도 김해시 주촌면 ,482504801
황석산,경상남도 함양군 안의면 ,488703501
황악산,충청북도 영동군  ,437403801
황우산,충청남도 연기군 동면 ,447302101
황장산,경상남도 하동군 화개면 ,488501401
황장산,경상남도 하동군  ,488501501
황태봉,대전광역시 동구  ,301101701
황학산,충청북도 영동군 매곡면 ,437403701
황학산,경상북도 안동시 길안면 ,471705601
황학산,경상북도 칠곡군 지천면 ,478503601
회령봉,강원도 평창군 봉평동 ,427605301
회룡포뒷산,경상북도 예천군 용궁면 ,479002204
회목봉,강원도 철원군 근남면 ,427802701
회목봉,강원도 화천군  ,427903201
회문산,전라북도 임실군 덕치면 ,457502501
회봉산,강원도 영월군 수주면 ,427505001
횟골산,강원도 삼척시 노곡면 ,422304901
횡간도사자바위,전라남도 완도군 소안면 ,468902404
횡악산,경상북도 봉화군 소천면 ,479204201
효렴산,경상남도 산청군  ,488606201
후봉,강원도 춘천시 동면 ,421105501
흑석산,전라남도 영암군  ,468303001
흑성산,충청남도 천안시  ,441303601
흙붉은이오름주체오름,제주도 제주시  ,491100203
희리산,충청남도 서천군 종천면 ,447702301
희망봉,경상북도 구미시 선산읍 ,471905201
희아산,전라남도 순천시  ,461504601
희양산,충청북도 괴산군 연풍면 ,437603201
흰대미,경상남도 거창군  ,488808201